,critic,actor,tau,theta
0,10.911652135849,0.28749571114778516,0.01,0.5
1,23.913011026382446,1.9541330009698867,0.01,0.5
2,18.816606278419496,4.931381905078888,0.01,0.5
3,15.626823720932007,8.95695214509964,0.01,0.5
4,14.16112672805786,12.898392472267151,0.01,0.5
5,11.991896486282348,17.385663919448852,0.01,0.5
6,11.036656813621521,22.67081711769104,0.01,0.5
7,10.912104029655456,28.68921827316284,0.01,0.5
8,11.321494603157044,35.18953709602356,0.01,0.5
9,12.161917037963867,42.776740055084225,0.01,0.5
10,13.22168074607849,50.54626493453979,0.01,0.5
11,14.723271181583405,58.98216077804565,0.01,0.5
12,18.172513709068298,68.03294715881347,0.01,0.5
13,20.954243693351746,77.5018985748291,0.01,0.5
14,25.128902473449706,87.55727741241455,0.01,0.5
15,32.71510065555572,96.96594760894776,0.01,0.5
16,37.62989468097687,107.1840428161621,0.01,0.5
17,44.004990844726564,117.13636337280273,0.01,0.5
18,48.111825466156006,127.13840644836426,0.01,0.5
19,58.286074542999266,136.78130699157714,0.01,0.5
20,57.441145992279054,146.15535438537597,0.01,0.5
21,65.2578928232193,155.0841665649414,0.01,0.5
22,86.87801541805267,164.38314903259277,0.01,0.5
23,93.82330775260925,172.62343048095704,0.01,0.5
24,92.62278081417084,180.45593780517578,0.01,0.5
25,103.76779288291931,188.64188735961915,0.01,0.5
26,99.88152794361115,196.38719734191895,0.01,0.5
27,109.67836461544037,203.88716926574708,0.01,0.5
28,135.35759819507598,210.27357200622558,0.01,0.5
29,141.81058139324188,217.03902015686035,0.01,0.5
30,130.20868575572968,223.5686813354492,0.01,0.5
31,158.9751517391205,229.45289611816406,0.01,0.5
32,150.17614062309266,235.16561988830566,0.01,0.5
33,167.58783331394196,240.50856216430665,0.01,0.5
34,180.9412783384323,245.8242571258545,0.01,0.5
35,180.2205515575409,250.82215560913085,0.01,0.5
36,178.36020507335664,255.68274543762206,0.01,0.5
37,195.7404218673706,260.0097069549561,0.01,0.5
38,220.15910792827606,263.5656880187988,0.01,0.5
39,226.22446278095245,267.7587857055664,0.01,0.5
40,226.96969192028047,271.25673934936526,0.01,0.5
41,230.61047236442565,274.9377340698242,0.01,0.5
42,202.3004568386078,279.10388381958006,0.01,0.5
43,233.6532622718811,282.5684048461914,0.01,0.5
44,225.03076206684113,286.05831451416014,0.01,0.5
45,220.4642059993744,289.51190368652345,0.01,0.5
46,251.70834705352783,293.05994873046876,0.01,0.5
47,239.12626217842103,296.14655685424805,0.01,0.5
48,247.74882917881013,299.3014698791504,0.01,0.5
49,244.95811359882356,302.82911666870115,0.01,0.5
50,261.3359636497498,306.3133995056152,0.01,0.5
51,253.03324885368346,309.22468994140627,0.01,0.5
52,247.1785737323761,312.8902323913574,0.01,0.5
53,257.1178447628021,316.61375518798826,0.01,0.5
54,293.73664250850675,319.78800384521486,0.01,0.5
55,239.12336731910705,323.47537338256836,0.01,0.5
56,251.7129376888275,326.970525970459,0.01,0.5
57,307.73859881401063,330.4048023986816,0.01,0.5
58,260.8281285858154,333.63843276977536,0.01,0.5
59,334.4462697124481,337.04204574584963,0.01,0.5
60,334.8212631225586,340.079270324707,0.01,0.5
61,311.4661658859253,343.1776643371582,0.01,0.5
62,349.9799664592743,346.50481079101564,0.01,0.5
63,358.2118008136749,349.3914949035645,0.01,0.5
64,358.8346352481842,352.05716705322266,0.01,0.5
65,339.99361207962033,354.6696319580078,0.01,0.5
66,327.3102207565308,357.6825581359863,0.01,0.5
67,368.80864488601685,360.5190451049805,0.01,0.5
68,361.6930147171021,363.6972242736816,0.01,0.5
69,361.66664196014403,366.5615461730957,0.01,0.5
70,403.5339939022064,368.86156188964844,0.01,0.5
71,410.0390774154663,370.7615063476562,0.01,0.5
72,400.4482855129242,373.1905319213867,0.01,0.5
73,391.75200106620787,375.3200965881348,0.01,0.5
74,364.0194489192963,377.0240548706055,0.01,0.5
75,348.8352917575836,379.4842701721191,0.01,0.5
76,359.9127079963684,381.84137634277346,0.01,0.5
77,396.95055339813234,383.3940733337402,0.01,0.5
78,403.9992124271393,385.53522689819334,0.01,0.5
79,395.54807872772216,387.0262452697754,0.01,0.5
80,371.08671858787534,389.36746795654295,0.01,0.5
81,401.83193002700807,391.3146015930176,0.01,0.5
82,390.44972979545594,392.4020286560059,0.01,0.5
83,402.20067593574527,393.9294071960449,0.01,0.5
84,442.2752040958405,395.2010905456543,0.01,0.5
85,420.67821043014527,396.33108322143556,0.01,0.5
86,459.6304352760315,396.5946469116211,0.01,0.5
87,428.84833486557005,396.77400527954103,0.01,0.5
88,508.00688377380374,397.2871308898926,0.01,0.5
89,324.4784501171112,398.86359954833983,0.01,0.5
90,403.1554934310913,400.36884857177733,0.01,0.5
91,408.2382269668579,400.0399188232422,0.01,0.5
92,406.83310209274293,401.41300643920897,0.01,0.5
93,357.12947135925293,402.81613189697265,0.01,0.5
94,482.84299443244936,403.23374893188475,0.01,0.5
95,370.8017652273178,403.94326354980467,0.01,0.5
96,403.7543583679199,404.7271319580078,0.01,0.5
97,503.5195457935333,404.63318466186524,0.01,0.5
98,410.11837010383607,404.20518142700195,0.01,0.5
99,412.012351436615,405.19472442626954,0.01,0.5
100,446.6620095729828,404.91778213500976,0.01,0.5
101,409.84583418369294,404.79750732421877,0.01,0.5
102,388.90859956264495,405.8715281677246,0.01,0.5
103,469.0270153808594,405.4644758605957,0.01,0.5
104,445.46732968330383,405.8936503601074,0.01,0.5
105,432.7513700628281,405.7598626708984,0.01,0.5
106,414.3658711338043,406.3774072265625,0.01,0.5
107,533.9202839231491,405.57159072875976,0.01,0.5
108,466.1455909824371,405.1858253479004,0.01,0.5
109,469.2560843372345,405.2825633239746,0.01,0.5
110,428.79308750391004,405.9603955078125,0.01,0.5
111,450.59035778045654,405.2128125,0.01,0.5
112,404.1332134962082,405.831526184082,0.01,0.5
113,508.0465105819702,405.80852432250975,0.01,0.5
114,417.16617500305176,406.09579238891604,0.01,0.5
115,405.9761652946472,406.4879460144043,0.01,0.5
116,401.1461494731903,407.2645945739746,0.01,0.5
117,473.89918895244597,407.4452714538574,0.01,0.5
118,426.45022344112397,407.93985260009765,0.01,0.5
119,424.1161940765381,408.34813079833987,0.01,0.5
120,431.3170969581604,408.60302978515625,0.01,0.5
121,428.3039871454239,409.5316159057617,0.01,0.5
122,433.2842173719406,410.11190216064455,0.01,0.5
123,426.38726016998294,410.42826904296874,0.01,0.5
124,459.4457825708389,411.13391571044923,0.01,0.5
125,417.24090656280515,412.1842199707031,0.01,0.5
126,456.9114726686478,413.32157318115236,0.01,0.5
127,453.28083282470703,414.4698181152344,0.01,0.5
128,440.58810237884524,415.1374749755859,0.01,0.5
129,477.9454496574402,415.44600143432615,0.01,0.5
130,467.6144671916962,416.1493209838867,0.01,0.5
131,470.5186443281174,416.48035049438477,0.01,0.5
132,396.2163329076767,417.53161727905274,0.01,0.5
133,461.2864742422104,418.5283255004883,0.01,0.5
134,479.7390162086487,418.65442764282227,0.01,0.5
135,438.0853205633164,419.37010147094725,0.01,0.5
136,456.4286513710022,419.8479472351074,0.01,0.5
137,402.91146498680115,421.2552606201172,0.01,0.5
138,515.1008640384674,421.321247253418,0.01,0.5
139,493.5485145998001,421.3249235534668,0.01,0.5
140,493.0768885326386,421.5110624694824,0.01,0.5
141,437.2912197303772,421.80031494140627,0.01,0.5
142,457.3243609333038,422.4140170288086,0.01,0.5
143,531.23066426754,422.4746896362305,0.01,0.5
144,482.6914829778671,423.3872071838379,0.01,0.5
145,441.9925920200348,424.53479202270506,0.01,0.5
146,475.4121763706207,425.0735850524902,0.01,0.5
147,444.378608584404,425.4671856689453,0.01,0.5
148,456.75234860420227,425.8223136901855,0.01,0.5
149,436.6617650985718,426.3708837890625,0.01,0.5
150,509.6859581422806,425.4234266662598,0.01,0.5
151,424.9673673248291,426.8156704711914,0.01,0.5
152,454.11311239242553,426.9250810241699,0.01,0.5
153,509.4453050088882,427.3295307922363,0.01,0.5
154,416.2648874425888,428.1867008972168,0.01,0.5
155,454.3572506952286,428.2267060852051,0.01,0.5
156,442.7150446414947,428.32111343383787,0.01,0.5
157,453.4057354450226,428.4201969909668,0.01,0.5
158,470.19469408512117,428.62486419677737,0.01,0.5
159,420.409644742012,428.9977005004883,0.01,0.5
160,481.0524446678162,429.2726156616211,0.01,0.5
161,458.3875958824158,429.5629116821289,0.01,0.5
162,537.400038280487,429.2876530456543,0.01,0.5
163,460.02117975234984,429.63677581787107,0.01,0.5
164,525.9913544988632,429.635927734375,0.01,0.5
165,369.8704813194275,431.0534735107422,0.01,0.5
166,448.56624354839323,431.3706706237793,0.01,0.5
167,469.7666866970062,432.1417637634277,0.01,0.5
168,498.2990503025055,431.85854598999026,0.01,0.5
169,480.9392855501175,431.8450645446777,0.01,0.5
170,432.70897747039794,432.46015243530275,0.01,0.5
171,445.39942054748536,432.1329312133789,0.01,0.5
172,427.63656891822814,433.15710067749023,0.01,0.5
173,502.7240186643601,433.48675888061524,0.01,0.5
174,500.41106783390046,433.0006108093262,0.01,0.5
175,539.7284588146209,432.4041841125488,0.01,0.5
176,501.719849152565,433.2987770080566,0.01,0.5
177,423.43750291347504,433.740470123291,0.01,0.5
178,541.4758400297164,433.2109410095215,0.01,0.5
179,500.238758058548,433.4646078491211,0.01,0.5
180,462.66277219772337,433.73263534545896,0.01,0.5
181,440.6042657089233,434.2558967590332,0.01,0.5
182,461.0229163980484,434.4555654907227,0.01,0.5
183,412.14377821445464,434.7393110656738,0.01,0.5
184,465.78480434417725,434.2321520996094,0.01,0.5
185,450.5108192682266,434.8867189025879,0.01,0.5
186,459.98132111549376,435.2818180847168,0.01,0.5
187,448.0373476266861,435.2853436279297,0.01,0.5
188,467.7983545923233,435.62728652954104,0.01,0.5
189,483.0884836626053,434.84772033691405,0.01,0.5
190,472.2886455631256,434.8555450439453,0.01,0.5
191,508.6547465419769,434.6073880004883,0.01,0.5
192,459.48957074165344,434.7062843322754,0.01,0.5
193,511.50803488731384,434.38291458129885,0.01,0.5
194,509.97352895021436,433.9700720214844,0.01,0.5
195,478.4207962703705,433.8128080749512,0.01,0.5
196,525.6230001497269,433.83670181274414,0.01,0.5
197,522.2150601577758,433.6671966552734,0.01,0.5
198,443.6008952856064,434.04176849365234,0.01,0.5
199,448.6963287878036,434.0063612365723,0.01,0.5
200,444.1532471036911,433.9997610473633,0.01,0.5
201,498.79241824150085,434.0178611755371,0.01,0.5
202,444.29517021417615,434.4295185852051,0.01,0.5
203,467.4878197336197,434.95354080200195,0.01,0.5
204,521.0220146250725,433.7995606994629,0.01,0.5
205,432.8398029923439,434.6560859680176,0.01,0.5
206,450.2910208392143,434.84968322753906,0.01,0.5
207,541.5037052583695,433.8780990600586,0.01,0.5
208,533.9376382350922,433.3244836425781,0.01,0.5
209,406.02693057775497,433.6474481201172,0.01,0.5
210,448.39348374128343,433.80670989990233,0.01,0.5
211,420.5875533747673,434.0768655395508,0.01,0.5
212,460.1620137262344,434.11596908569334,0.01,0.5
213,498.7339770913124,433.6013433837891,0.01,0.5
214,531.0061287689209,433.19995361328125,0.01,0.5
215,495.5800763058662,432.9362017822266,0.01,0.5
216,516.0972944879531,432.83689880371094,0.01,0.5
217,439.68686012744905,433.11505599975584,0.01,0.5
218,464.6360818529129,433.0558680725098,0.01,0.5
219,465.732155725956,432.95342620849607,0.01,0.5
220,514.658498916626,432.5062615966797,0.01,0.5
221,439.5789429354668,432.9194233703613,0.01,0.5
222,499.08013095140456,433.07619232177734,0.01,0.5
223,434.6863127088547,433.5298959350586,0.01,0.5
224,428.46211725473404,434.28392044067385,0.01,0.5
225,381.94005172491075,434.41937698364256,0.01,0.5
226,492.6616756272316,434.8700146484375,0.01,0.5
227,540.1583782219886,434.42483749389646,0.01,0.5
228,542.3846661877632,434.1115476989746,0.01,0.5
229,447.9895641756058,434.77440841674803,0.01,0.5
230,493.34600933551786,435.38156509399414,0.01,0.5
231,495.79396030902865,435.28146789550783,0.01,0.5
232,427.9425387763977,435.79215057373045,0.01,0.5
233,527.7755239939689,435.36141479492187,0.01,0.5
234,530.7132251238822,434.9819828796387,0.01,0.5
235,509.38204380750653,435.12407836914065,0.01,0.5
236,466.5439582085609,435.0300653076172,0.01,0.5
237,430.9000329780579,436.09470794677736,0.01,0.5
238,452.49522495508194,435.8039100646973,0.01,0.5
239,476.7714866042137,436.1516020202637,0.01,0.5
240,494.10498618125916,436.6429457092285,0.01,0.5
241,465.16687375307083,436.3505728149414,0.01,0.5
242,490.23287855625153,436.63490203857424,0.01,0.5
243,480.34394011020663,436.72837341308593,0.01,0.5
244,482.85678725481034,437.2248501586914,0.01,0.5
245,495.04218015909197,437.35646728515627,0.01,0.5
246,432.0690149664879,438.72454086303713,0.01,0.5
247,401.32756872177123,439.20748306274413,0.01,0.5
248,436.7494982814789,439.176452331543,0.01,0.5
249,489.33758122205734,439.97700164794924,0.01,0.5
250,527.4164491605759,440.2310758972168,0.01,0.5
251,547.537071287632,439.3775927734375,0.01,0.5
252,448.6294499444962,440.6293658447266,0.01,0.5
253,506.3789037227631,441.147399597168,0.01,0.5
254,451.20189279317856,441.3338111877441,0.01,0.5
255,424.53663615465166,442.7636166381836,0.01,0.5
256,548.2256757903099,442.06831298828126,0.01,0.5
257,452.7733701872826,443.26553573608396,0.01,0.5
258,480.75118248701096,443.2668496704102,0.01,0.5
259,451.39179848194124,444.23557922363284,0.01,0.5
260,516.1395372056961,444.90690902709963,0.01,0.5
261,539.934984562397,444.75512924194334,0.01,0.5
262,527.1602708435058,444.57607376098633,0.01,0.5
263,518.8071105837822,444.92077041625976,0.01,0.5
264,511.74996000528336,444.7913688659668,0.01,0.5
265,494.7864392900467,445.75133773803714,0.01,0.5
266,498.285303683281,445.6247024536133,0.01,0.5
267,527.508595199585,445.7813244628906,0.01,0.5
268,509.3244895505905,445.70534088134764,0.01,0.5
269,470.7269754242897,445.690495300293,0.01,0.5
270,504.27810456514356,446.37205337524415,0.01,0.5
271,494.33042039871214,446.83386459350584,0.01,0.5
272,512.5348832678795,446.73879318237306,0.01,0.5
273,518.965364074707,447.464288482666,0.01,0.5
274,492.7841990184784,447.21123596191404,0.01,0.5
275,495.54245121002197,447.4225407409668,0.01,0.5
276,601.1958947229385,446.5796423339844,0.01,0.5
277,518.3202260875702,447.3671725463867,0.01,0.5
278,535.2319224476814,447.0512892150879,0.01,0.5
279,546.7995917153359,446.7985366821289,0.01,0.5
280,484.72534454107284,447.33406646728514,0.01,0.5
281,568.9640391349792,446.39718978881837,0.01,0.5
282,580.2951335430146,446.39173873901365,0.01,0.5
283,474.67688623905184,447.009659576416,0.01,0.5
284,519.3683722734452,446.9604588317871,0.01,0.5
285,413.1053626561165,447.3915019226074,0.01,0.5
286,494.0410036921501,447.76574249267577,0.01,0.5
287,508.374030251503,447.29820220947266,0.01,0.5
288,465.11083139419554,447.9708610534668,0.01,0.5
289,508.28781200647353,448.11397720336913,0.01,0.5
290,562.9994485640526,448.82990951538085,0.01,0.5
291,599.8744728159904,447.19009811401367,0.01,0.5
292,639.1247919082641,446.2543896484375,0.01,0.5
293,450.9483151721954,446.3291067504883,0.01,0.5
294,540.5038019895553,446.35390670776366,0.01,0.5
295,445.30600081682206,446.80945327758786,0.01,0.5
296,484.58129517793657,447.1214833068848,0.01,0.5
297,460.8998113870621,447.6395069885254,0.01,0.5
298,556.6272132706642,446.7285063171387,0.01,0.5
299,448.3658680701256,447.1593974304199,0.01,0.5
300,511.18888053894045,447.5109181213379,0.01,0.5
301,448.4387365460396,448.36715209960937,0.01,0.5
302,506.4469146418571,448.3307629394531,0.01,0.5
303,531.4094793486595,448.62447235107425,0.01,0.5
304,468.34348736763,449.02147232055665,0.01,0.5
305,499.1965853357315,448.50846084594724,0.01,0.5
306,508.5748120689392,448.76713333129885,0.01,0.5
307,462.51551332235334,448.1632292175293,0.01,0.5
308,463.81694160938264,448.89532119750976,0.01,0.5
309,495.2743802499771,448.3223243713379,0.01,0.5
310,500.2212658929825,448.9026368713379,0.01,0.5
311,533.9282007312775,447.95473892211913,0.01,0.5
312,500.44459224700927,448.04336471557616,0.01,0.5
313,583.9144099545479,448.2138847351074,0.01,0.5
314,520.1111562943458,447.57683700561523,0.01,0.5
315,436.2656287837028,448.28721282958986,0.01,0.5
316,469.203029718399,447.2230252075195,0.01,0.5
317,454.3983835721016,447.92755615234375,0.01,0.5
318,516.4899679803848,446.96944732666014,0.01,0.5
319,494.60741266489026,447.246639251709,0.01,0.5
320,552.2794405984879,446.517247467041,0.01,0.5
321,469.65013394355776,445.6870845031738,0.01,0.5
322,531.9843969464303,445.16133697509764,0.01,0.5
323,559.5087070965767,444.2273731994629,0.01,0.5
324,496.6755250740051,444.1459344482422,0.01,0.5
325,449.75681813716886,444.0782746887207,0.01,0.5
326,499.80788654088974,443.72666107177736,0.01,0.5
327,491.00621481895445,443.98487731933596,0.01,0.5
328,478.7630775785446,444.12906631469724,0.01,0.5
329,491.7670528268814,444.02042999267576,0.01,0.5
330,521.829161849022,443.16669448852537,0.01,0.5
331,481.70917129278183,442.609418182373,0.01,0.5
332,483.4320664191246,442.7096481323242,0.01,0.5
333,491.4530738019943,442.739521484375,0.01,0.5
334,504.65260949850085,443.09781463623045,0.01,0.5
335,432.89088851213455,443.0908779907227,0.01,0.5
336,554.6975068664551,443.1014210510254,0.01,0.5
337,383.87394226789473,442.9467575073242,0.01,0.5
338,462.74589301109313,443.80299255371096,0.01,0.5
339,483.14999220848085,443.6904525756836,0.01,0.5
340,543.6203561401367,442.58393310546876,0.01,0.5
341,436.7678606963158,444.12660781860353,0.01,0.5
342,562.8775942516327,442.77231536865236,0.01,0.5
343,463.5831046390533,442.502274017334,0.01,0.5
344,512.3117839002609,442.15806640625,0.01,0.5
345,503.05756622314453,441.0229981994629,0.01,0.5
346,534.1011262130737,441.3983520507812,0.01,0.5
347,539.3335578727722,440.4915075683594,0.01,0.5
348,423.6798710536957,440.635880279541,0.01,0.5
349,543.7529526472092,440.6487393188477,0.01,0.5
350,520.2479429125785,439.3262080383301,0.01,0.5
351,479.17542012691496,439.11554702758787,0.01,0.5
352,523.5844509124756,438.72879669189456,0.01,0.5
353,468.0154794716835,439.24767608642577,0.01,0.5
354,474.7161041378975,438.730461730957,0.01,0.5
355,494.8651957798004,438.42164657592775,0.01,0.5
356,509.314067261219,437.56616928100584,0.01,0.5
357,540.1934881258011,437.4305604553223,0.01,0.5
358,468.4887011575699,438.09044647216797,0.01,0.5
359,453.4471742987633,437.291301574707,0.01,0.5
360,439.56105196237564,438.10011474609377,0.01,0.5
361,456.18282107114794,437.38490646362305,0.01,0.5
362,566.0285727763176,436.4167547607422,0.01,0.5
363,499.1540649652481,435.609603729248,0.01,0.5
364,469.55372123479845,434.9531819152832,0.01,0.5
365,487.27566679954526,434.849162902832,0.01,0.5
366,470.8064322090149,435.4661877441406,0.01,0.5
367,438.4523822617531,434.7160124206543,0.01,0.5
368,551.7382399654389,433.94654571533204,0.01,0.5
369,417.89033073186874,432.66376831054686,0.01,0.5
370,445.7223454904556,433.4502529907227,0.01,0.5
371,409.1184841585159,433.6209211730957,0.01,0.5
372,459.4790761971474,433.16956604003906,0.01,0.5
373,492.5000420999527,433.6314094543457,0.01,0.5
374,404.33247584819793,434.0338536071777,0.01,0.5
375,396.50821018218994,434.2500382995606,0.01,0.5
376,494.11622586965564,433.33997131347655,0.01,0.5
377,548.199136390686,432.3676188659668,0.01,0.5
378,460.57761391639707,432.35430465698244,0.01,0.5
379,419.9478173947334,432.4074649047852,0.01,0.5
380,485.7724483847618,431.367692565918,0.01,0.5
381,494.21979189157486,430.6285070800781,0.01,0.5
382,436.27076949596403,430.5786700439453,0.01,0.5
383,552.9864913415909,430.1847192382813,0.01,0.5
384,446.02418287754057,430.11718383789065,0.01,0.5
385,549.809909696579,429.2572593688965,0.01,0.5
386,461.00152804374693,428.3855926513672,0.01,0.5
387,463.0938022565842,429.0977139282227,0.01,0.5
388,472.6929050087929,429.3121641540527,0.01,0.5
389,448.4483880972862,428.12522720336915,0.01,0.5
390,432.05091784715654,428.6872457885742,0.01,0.5
391,531.3504528617859,427.6510838317871,0.01,0.5
392,464.7587627363205,427.74447830200194,0.01,0.5
393,435.09599399089814,427.4779960632324,0.01,0.5
394,531.2975387310981,427.26596923828123,0.01,0.5
395,452.9519686508179,426.67664459228513,0.01,0.5
396,504.32660523414614,425.3090515136719,0.01,0.5
397,452.1473340630531,425.5686810302734,0.01,0.5
398,512.1369474315643,424.6446192932129,0.01,0.5
399,355.77223937749864,424.7953630065918,0.01,0.5
400,492.4976441335678,424.49108154296874,0.01,0.5
401,522.5180827260017,423.4635855102539,0.01,0.5
402,426.05096863508226,423.649841003418,0.01,0.5
403,388.1465305352211,423.9812252807617,0.01,0.5
404,454.1323277282715,423.6456295776367,0.01,0.5
405,479.09973562717437,423.26492324829104,0.01,0.5
406,481.58937030792237,422.91465270996093,0.01,0.5
407,404.15881938934325,422.6058186340332,0.01,0.5
408,518.442949192524,421.9142599487305,0.01,0.5
409,466.00215260982515,421.63497787475586,0.01,0.5
410,496.8473547244072,421.6384132385254,0.01,0.5
411,424.0377790403366,421.56674087524414,0.01,0.5
412,419.7468116593361,420.69189086914065,0.01,0.5
413,404.83658458471297,421.53818008422854,0.01,0.5
414,479.46245535373686,421.4459924316406,0.01,0.5
415,475.7403291606903,420.5785647583008,0.01,0.5
416,432.3865608930588,419.9498422241211,0.01,0.5
417,462.4100773620605,419.85228805541993,0.01,0.5
418,445.8817527580261,419.14490615844727,0.01,0.5
419,472.0296983766556,419.27932357788086,0.01,0.5
420,489.4971181702614,418.48051696777344,0.01,0.5
421,458.1950274324417,417.35116302490235,0.01,0.5
422,454.69769155979156,417.07435287475585,0.01,0.5
423,416.04042853355406,417.64639739990236,0.01,0.5
424,501.3227319478989,416.9167756652832,0.01,0.5
425,364.9099317574501,416.2746437072754,0.01,0.5
426,395.69080241680143,417.04622955322264,0.01,0.5
427,472.69220925331115,416.7972856140137,0.01,0.5
428,462.01397149801255,414.9086689758301,0.01,0.5
429,469.90488095760344,414.9701522827148,0.01,0.5
430,413.716393494606,414.1433251953125,0.01,0.5
431,411.839088613987,414.22607269287107,0.01,0.5
432,418.91135342121123,414.0916744995117,0.01,0.5
433,434.91161178827286,414.4419384765625,0.01,0.5
434,483.9882927846909,413.1414518737793,0.01,0.5
435,475.04111105918884,412.8351217651367,0.01,0.5
436,444.37889164686203,412.2205078125,0.01,0.5
437,449.500440056324,412.137735748291,0.01,0.5
438,505.5627787566185,411.0595851135254,0.01,0.5
439,400.9911930823326,410.2345489501953,0.01,0.5
440,449.3989326763153,410.40290054321287,0.01,0.5
441,471.4008244776726,409.2651301574707,0.01,0.5
442,468.3451838040352,409.09723602294923,0.01,0.5
443,431.35918922185897,408.5747868347168,0.01,0.5
444,387.8556113100052,408.0404943847656,0.01,0.5
445,432.5978788948059,407.32041397094724,0.01,0.5
446,378.8766899228096,406.2168960571289,0.01,0.5
447,380.7032018589973,407.5588671875,0.01,0.5
448,406.6122884917259,407.13741256713865,0.01,0.5
449,443.80015443086626,406.94568359375,0.01,0.5
450,421.26635160207746,405.7537692260742,0.01,0.5
451,472.52540841341016,404.9264106750488,0.01,0.5
452,406.46289598941803,405.405509185791,0.01,0.5
453,341.3260365414619,405.13960845947264,0.01,0.5
454,397.3807538437843,404.23007934570313,0.01,0.5
455,436.3031262373924,403.5934886169434,0.01,0.5
456,459.35527761936186,403.9866816711426,0.01,0.5
457,391.7096871519089,404.3161511230469,0.01,0.5
458,382.2098583769798,403.99254196166993,0.01,0.5
459,433.0819006729126,403.40631286621095,0.01,0.5
460,374.3757162117958,402.92078536987304,0.01,0.5
461,381.40537803411485,402.97065704345704,0.01,0.5
462,370.3320002913475,403.16683319091794,0.01,0.5
463,393.5718345236778,402.45248260498045,0.01,0.5
464,431.19715021371843,402.156728515625,0.01,0.5
465,419.35899005889894,401.2392970275879,0.01,0.5
466,398.3533721423149,400.5889054870606,0.01,0.5
467,382.7521676516533,400.88541458129885,0.01,0.5
468,397.70192064762114,400.6059530639648,0.01,0.5
469,420.3529389858246,399.5629455566406,0.01,0.5
470,394.99686378479004,400.0387135314941,0.01,0.5
471,416.9298718690872,399.334026184082,0.01,0.5
472,378.71563080310824,398.7775605773926,0.01,0.5
473,421.279839656353,398.3365853881836,0.01,0.5
474,441.04334541797635,397.5552444458008,0.01,0.5
475,342.5384508252144,397.8100369262695,0.01,0.5
476,351.5058003807068,398.23228103637695,0.01,0.5
477,395.39203175544736,397.6664147949219,0.01,0.5
478,443.81401782751084,397.3149467468262,0.01,0.5
479,452.28266397714617,395.6835809326172,0.01,0.5
480,418.31285765647885,396.41355987548826,0.01,0.5
481,366.9164297866821,395.5939082336426,0.01,0.5
482,444.7889150953293,395.7515393066406,0.01,0.5
483,435.8110669708252,394.337626953125,0.01,0.5
484,431.8514858222008,395.3379032897949,0.01,0.5
485,388.180394859314,393.52490127563476,0.01,0.5
486,413.98802990436553,393.21351165771483,0.01,0.5
487,333.57535981416703,393.2441023254394,0.01,0.5
488,401.4685064077377,392.63541763305665,0.01,0.5
489,381.4987208557129,392.7091526794434,0.01,0.5
490,378.0686364603043,392.46754486083984,0.01,0.5
491,450.94486321926115,391.7417073059082,0.01,0.5
492,380.7176383924484,391.2894044494629,0.01,0.5
493,350.71622282743454,391.04595474243166,0.01,0.5
494,355.6207406449318,391.9243159484863,0.01,0.5
495,460.4124197435379,390.25206878662107,0.01,0.5
496,388.23814364433287,390.5031796264648,0.01,0.5
497,406.5093983411789,390.0262324523926,0.01,0.5
498,362.9315049934387,389.7055534362793,0.01,0.5
499,371.9654886937141,389.6074917602539,0.01,0.5
500,393.12881301403047,388.9666554260254,0.01,0.5
501,426.7374798798561,388.51885681152345,0.01,0.5
502,363.2313124871254,388.74001556396485,0.01,0.5
503,426.3915847349167,387.1769627380371,0.01,0.5
504,332.66345308303835,386.6026559448242,0.01,0.5
505,329.279499874115,387.25803833007814,0.01,0.5
506,384.64634366989134,386.79255462646483,0.01,0.5
507,406.91394771575926,386.2597819519043,0.01,0.5
508,364.9158958220482,385.29287216186526,0.01,0.5
509,385.8678859615326,384.65235458374025,0.01,0.5
510,424.8769618058205,382.87834732055666,0.01,0.5
511,372.443675532341,382.13242401123046,0.01,0.5
512,374.8890419793129,381.28923751831053,0.01,0.5
513,421.2861802768707,381.3683694458008,0.01,0.5
514,335.74332571983336,382.0397248840332,0.01,0.5
515,353.9656034183502,380.10690643310545,0.01,0.5
516,343.8387969136238,380.1554815673828,0.01,0.5
517,332.57163605928423,378.8086570739746,0.01,0.5
518,363.3169073677063,378.6842979431152,0.01,0.5
519,359.26080015659335,377.2329443359375,0.01,0.5
520,404.2864747095108,376.8069032287598,0.01,0.5
521,341.50011817455294,376.6455889892578,0.01,0.5
522,350.3981590151787,377.3611285400391,0.01,0.5
523,357.98166720151903,375.7497689819336,0.01,0.5
524,327.8322641468048,375.3099700927734,0.01,0.5
525,407.7497732114792,374.6648320007324,0.01,0.5
526,327.2720855522156,373.9326319885254,0.01,0.5
527,395.79096368551257,373.2783233642578,0.01,0.5
528,360.10245504856107,372.1513179016113,0.01,0.5
529,340.79278697013854,371.8448049926758,0.01,0.5
530,371.0928634595871,371.38963150024415,0.01,0.5
531,353.13617461681366,371.12729217529295,0.01,0.5
532,393.1059085464478,370.81523635864255,0.01,0.5
533,380.91393264770505,369.47125076293946,0.01,0.5
534,349.90656609535216,369.15483917236327,0.01,0.5
535,360.304086997509,368.7243327331543,0.01,0.5
536,347.890645442009,368.62485748291016,0.01,0.5
537,359.4895317363739,367.9669351196289,0.01,0.5
538,342.4817591047287,367.3827662658691,0.01,0.5
539,306.97834422588346,367.575256652832,0.01,0.5
540,339.89426950454714,367.4864776611328,0.01,0.5
541,391.6332465982437,366.5243557739258,0.01,0.5
542,337.9309659433365,365.74071533203124,0.01,0.5
543,326.6740427160263,365.4963362121582,0.01,0.5
544,311.6123307418823,365.252936706543,0.01,0.5
545,324.0223355293274,365.705216217041,0.01,0.5
546,321.2978143644333,364.46515701293947,0.01,0.5
547,319.6579251241684,364.3320317077637,0.01,0.5
548,263.4064139175415,364.86146270751954,0.01,0.5
549,353.9878810977936,363.95262985229493,0.01,0.5
550,312.7400854420662,363.2299995422363,0.01,0.5
551,366.80170531272887,362.55811050415036,0.01,0.5
552,323.0185561275482,361.6017247009277,0.01,0.5
553,307.69409434318544,360.3469343566895,0.01,0.5
554,308.45533219337466,360.62782592773436,0.01,0.5
555,304.8646944904327,360.4348347473144,0.01,0.5
556,279.43050297021864,359.98409881591795,0.01,0.5
557,330.7324984693527,359.3869876098633,0.01,0.5
558,376.54744827747345,358.8179962158203,0.01,0.5
559,336.2741530394554,357.182172088623,0.01,0.5
560,304.07590898036955,356.8155728149414,0.01,0.5
561,315.8342584347725,356.7596142578125,0.01,0.5
562,308.374944691658,355.9582778930664,0.01,0.5
563,296.65715582609175,355.58594482421876,0.01,0.5
564,319.49171464920045,354.3747966003418,0.01,0.5
565,316.9458510875702,354.32885971069334,0.01,0.5
566,319.3978085947037,353.298878326416,0.01,0.5
567,312.5051577472687,352.9536030578613,0.01,0.5
568,276.38643315076826,352.1019221496582,0.01,0.5
569,290.5388411450386,352.14450271606444,0.01,0.5
570,285.34455988883974,351.76714920043946,0.01,0.5
571,326.01112411499025,350.68791748046874,0.01,0.5
572,359.75060685157774,350.73274017333983,0.01,0.5
573,289.5578113269806,348.14313720703126,0.01,0.5
574,295.74280799388885,349.4732516479492,0.01,0.5
575,282.26615132808683,348.89882385253907,0.01,0.5
576,308.9265280103684,347.3173908996582,0.01,0.5
577,285.1022593641281,347.167658996582,0.01,0.5
578,320.60334507465365,346.82355972290037,0.01,0.5
579,316.7236540412903,346.15967025756834,0.01,0.5
580,255.7458020925522,346.570447845459,0.01,0.5
581,278.4832294273376,345.76008972167966,0.01,0.5
582,367.33385110378265,344.23787506103514,0.01,0.5
583,297.912225086689,343.17255081176756,0.01,0.5
584,267.77437171220777,343.071177520752,0.01,0.5
585,294.13750551462175,341.69368621826175,0.01,0.5
586,294.35413843631744,342.64869552612305,0.01,0.5
587,312.6742619132996,341.35405563354493,0.01,0.5
588,310.8654897785187,341.0854837036133,0.01,0.5
589,258.6480717086792,340.750352935791,0.01,0.5
590,253.259240732193,340.11145309448244,0.01,0.5
591,307.35798140525816,339.53199813842775,0.01,0.5
592,296.77168692588805,338.46904983520506,0.01,0.5
593,287.22901771068575,338.7287239074707,0.01,0.5
594,297.9644701957703,337.8965989685059,0.01,0.5
595,278.2881698799133,337.2477780151367,0.01,0.5
596,310.2354606437683,336.80325805664063,0.01,0.5
597,305.9075164604187,335.25079025268553,0.01,0.5
598,287.2368421220779,334.8393884277344,0.01,0.5
599,258.93996327877045,334.12932907104494,0.01,0.5
600,304.8770316553116,334.2929022216797,0.01,0.5
601,267.48757296562195,333.81397888183596,0.01,0.5
602,254.65067762374878,333.13592178344726,0.01,0.5
603,271.439667596817,332.4543913269043,0.01,0.5
604,253.60845482349396,332.1087704467773,0.01,0.5
605,295.7472457742691,331.5354473876953,0.01,0.5
606,263.4358369398117,330.2904948425293,0.01,0.5
607,271.4938558673859,329.7755307006836,0.01,0.5
608,287.9025257396698,328.46738403320313,0.01,0.5
609,294.3846140050888,327.9378843688965,0.01,0.5
610,288.52337666511534,326.1985498046875,0.01,0.5
611,216.69947684288024,326.74231719970703,0.01,0.5
612,312.2969271469116,324.4947833251953,0.01,0.5
613,261.3809256887436,324.2317793273926,0.01,0.5
614,314.88376864433286,322.3021545410156,0.01,0.5
615,245.73851480007173,321.9700151062012,0.01,0.5
616,231.07082223415375,321.9759565734863,0.01,0.5
617,252.74207745552064,321.1775497436523,0.01,0.5
618,271.7477294254303,319.86000457763674,0.01,0.5
619,253.40674763202668,318.3491171264648,0.01,0.5
620,285.95129999160764,316.93033782958986,0.01,0.5
621,236.62494252204894,317.13189834594726,0.01,0.5
622,227.87322722435,317.282149810791,0.01,0.5
623,251.4733242559433,315.75063354492187,0.01,0.5
624,256.7116594171524,314.3089176940918,0.01,0.5
625,279.00325518131257,313.136766204834,0.01,0.5
626,227.91904246330262,311.64523651123045,0.01,0.5
627,236.51742011070252,311.57826843261716,0.01,0.5
628,265.7699771881104,309.78285034179686,0.01,0.5
629,239.82944554328918,308.7489453125,0.01,0.5
630,239.00994990348815,308.3352284240723,0.01,0.5
631,225.79699339389802,306.9180352783203,0.01,0.5
632,241.329801735878,305.50196029663084,0.01,0.5
633,225.64932943820952,305.52233108520505,0.01,0.5
634,229.6412390756607,303.32597106933594,0.01,0.5
635,213.22224908828736,302.53754287719727,0.01,0.5
636,229.58235427379608,301.625587310791,0.01,0.5
637,224.93645766735077,300.6107989501953,0.01,0.5
638,230.8326391506195,300.1602885437012,0.01,0.5
639,254.95454763412476,297.1214015197754,0.01,0.5
640,229.2678085041046,297.23052932739256,0.01,0.5
641,225.34287375450134,295.7962026977539,0.01,0.5
642,218.78154764175414,294.88461029052735,0.01,0.5
643,206.93030255794525,293.18940658569335,0.01,0.5
644,223.2849193906784,291.52292343139646,0.01,0.5
645,206.80200611114503,289.68012634277346,0.01,0.5
646,203.08967186450957,288.8060111999512,0.01,0.5
647,251.151856508255,288.28598526000974,0.01,0.5
648,196.20797304630278,286.5088301086426,0.01,0.5
649,187.42617937088013,284.17162521362303,0.01,0.5
650,230.98306753635407,284.635499420166,0.01,0.5
651,195.8716919374466,283.0163081359863,0.01,0.5
652,197.55754608631133,281.5879524230957,0.01,0.5
653,187.49678835391998,281.2097750854492,0.01,0.5
654,224.02829426765442,280.3893701171875,0.01,0.5
655,190.75511033058166,278.5847053527832,0.01,0.5
656,200.44030014038086,277.8542559814453,0.01,0.5
657,169.9857908678055,276.5506689453125,0.01,0.5
658,202.21672590255739,275.38924530029294,0.01,0.5
659,204.60098207473754,274.16485328674315,0.01,0.5
660,148.39963448047638,273.26176651000975,0.01,0.5
661,186.4978734922409,272.37499588012696,0.01,0.5
662,205.68741604804993,270.38190391540525,0.01,0.5
663,163.1752995157242,269.4963025665283,0.01,0.5
664,190.68320613384248,269.4158824157715,0.01,0.5
665,166.7563376903534,267.9896071624756,0.01,0.5
666,218.56254824638367,267.70542205810546,0.01,0.5
667,171.86718802928925,266.0867205810547,0.01,0.5
668,192.02961760520935,264.5960852050781,0.01,0.5
669,192.71475063800813,263.1235952758789,0.01,0.5
670,152.50132894992828,261.44977912902834,0.01,0.5
671,175.095854845047,261.2247120666504,0.01,0.5
672,177.19188284397126,260.6696375274658,0.01,0.5
673,181.7589145755768,258.3415677642822,0.01,0.5
674,145.43957054138184,258.8846150970459,0.01,0.5
675,149.0122969055176,256.8704515838623,0.01,0.5
676,186.89930474758148,255.51657905578614,0.01,0.5
677,186.49469221591949,254.12951530456542,0.01,0.5
678,181.94719542980195,253.61285903930664,0.01,0.5
679,149.01823965072631,252.29986862182616,0.01,0.5
680,186.7931626844406,252.7207462310791,0.01,0.5
681,178.7256415462494,249.8265704345703,0.01,0.5
682,180.21219410896302,250.2721997833252,0.01,0.5
683,182.31731927871704,248.7822060394287,0.01,0.5
684,140.61192702770234,247.4996590423584,0.01,0.5
685,161.72816520214081,246.69782821655272,0.01,0.5
686,175.9909707403183,244.3933585357666,0.01,0.5
687,145.29593152046203,244.11886779785155,0.01,0.5
688,155.96553835868835,243.61025245666505,0.01,0.5
689,172.62791306495666,242.37005447387696,0.01,0.5
690,154.3039509153366,241.5126573944092,0.01,0.5
691,154.42636286258698,241.97702880859376,0.01,0.5
692,148.6609795808792,239.84847358703612,0.01,0.5
693,172.56599786758423,237.82745094299315,0.01,0.5
694,146.2697688627243,238.32193115234375,0.01,0.5
695,144.65932969093322,238.76128433227538,0.01,0.5
696,142.37932851314545,237.92676063537598,0.01,0.5
697,162.74753101348878,236.16504585266114,0.01,0.5
698,148.77159041404724,236.09528030395506,0.01,0.5
699,132.83635355949403,236.22376731872558,0.01,0.5
700,134.66519870758057,235.8414451599121,0.01,0.5
701,162.58403055667878,234.62276374816895,0.01,0.5
702,134.0360709142685,233.4204557800293,0.01,0.5
703,152.01071220874786,232.839794921875,0.01,0.5
704,187.52221875190736,231.74347885131837,0.01,0.5
705,148.06033467292787,232.34565536499022,0.01,0.5
706,129.88749913692473,231.65355949401857,0.01,0.5
707,152.86895861148835,230.35766342163086,0.01,0.5
708,154.8533509159088,230.0837772369385,0.01,0.5
709,130.20838710308075,229.7501229095459,0.01,0.5
710,121.4598322725296,230.48518424987793,0.01,0.5
711,123.42259055614471,229.03491050720214,0.01,0.5
712,115.20890005111694,229.62940559387206,0.01,0.5
713,159.48315627098083,227.9020738220215,0.01,0.5
714,148.45042540550233,228.6411727142334,0.01,0.5
715,141.8443195915222,226.79720603942872,0.01,0.5
716,124.0147353887558,227.8261904144287,0.01,0.5
717,157.5002190065384,226.51778785705565,0.01,0.5
718,136.11316984653473,225.802798538208,0.01,0.5
719,131.61166310310364,224.33230895996093,0.01,0.5
720,125.0818492603302,225.5952707672119,0.01,0.5
721,160.5707995033264,224.0488759613037,0.01,0.5
722,132.18718555927276,223.28798774719237,0.01,0.5
723,119.56377423286438,222.95974517822265,0.01,0.5
724,126.2416178226471,222.77900985717773,0.01,0.5
725,156.84861461639403,222.57796760559083,0.01,0.5
726,131.85219814777375,220.54421363830568,0.01,0.5
727,132.12520517349242,220.39885192871094,0.01,0.5
728,154.33149480819702,219.32108955383302,0.01,0.5
729,126.06998617649079,219.29736419677735,0.01,0.5
730,132.9903020095825,218.26783004760742,0.01,0.5
731,115.23988578319549,217.65481689453125,0.01,0.5
732,120.87613955020905,218.08746459960938,0.01,0.5
733,132.89489489078522,216.70529403686524,0.01,0.5
734,150.02267940044402,216.5062264251709,0.01,0.5
735,117.49800840854645,216.8862117767334,0.01,0.5
736,125.3289810371399,216.15442146301268,0.01,0.5
737,119.89809816360474,215.5312255859375,0.01,0.5
738,97.44298470497131,216.29456924438477,0.01,0.5
739,137.9423991727829,214.18950927734375,0.01,0.5
740,132.19710901737213,214.5465330505371,0.01,0.5
741,125.25671641349793,213.91659828186036,0.01,0.5
742,111.69299582481385,214.95047370910643,0.01,0.5
743,126.87193330764771,214.1137530517578,0.01,0.5
744,125.69466806411744,213.02353050231935,0.01,0.5
745,114.78433158874512,213.3292155456543,0.01,0.5
746,125.72064893722535,213.9201732635498,0.01,0.5
747,107.29752670288086,213.09444526672362,0.01,0.5
748,122.44286487579346,212.13244010925294,0.01,0.5
749,131.19282220363618,213.72361175537108,0.01,0.5
750,113.91851125717163,213.5427628326416,0.01,0.5
751,129.19815875053405,212.75699844360352,0.01,0.5
752,154.17570349216462,212.62464546203614,0.01,0.5
753,125.65958495616913,212.18181838989258,0.01,0.5
754,127.36697210788726,211.93245933532714,0.01,0.5
755,141.57679076671602,212.09088485717774,0.01,0.5
756,117.69427529335022,213.28364418029784,0.01,0.5
757,140.7661063861847,210.9583885192871,0.01,0.5
758,125.24801676273346,212.1331763458252,0.01,0.5
759,122.72664326190949,211.73068458557128,0.01,0.5
760,127.30849858760834,213.00813026428222,0.01,0.5
761,132.23253399848937,211.6140114593506,0.01,0.5
762,112.44773023128509,211.6627626800537,0.01,0.5
763,121.91594790935517,211.91349647521972,0.01,0.5
764,121.87586376190185,211.55954887390138,0.01,0.5
765,119.73808298110961,210.96056045532225,0.01,0.5
766,130.03722603321074,212.17528694152833,0.01,0.5
767,130.84271066188813,213.18126556396484,0.01,0.5
768,131.93810877799987,211.6210401916504,0.01,0.5
769,114.96560782432556,213.54724372863768,0.01,0.5
770,129.32626805782317,213.64082794189454,0.01,0.5
771,129.0831063604355,212.47807998657225,0.01,0.5
772,149.8041480255127,211.66638671875,0.01,0.5
773,125.44456408023834,211.99539710998536,0.01,0.5
774,112.16141429424286,213.21317451477051,0.01,0.5
775,117.94641531467438,213.2556428527832,0.01,0.5
776,114.07310978889466,211.3221762084961,0.01,0.5
777,140.01573654174805,211.5223380279541,0.01,0.5
778,128.41519000053407,211.0146563720703,0.01,0.5
779,116.69160071372985,211.01000297546386,0.01,0.5
780,129.59751986026765,211.58302474975585,0.01,0.5
781,119.18705739498138,211.50313430786133,0.01,0.5
782,123.4041767692566,211.68867393493653,0.01,0.5
783,129.54279814720155,211.077294921875,0.01,0.5
784,133.16368320941925,212.14110969543458,0.01,0.5
785,127.62207630634308,213.37319595336913,0.01,0.5
786,115.10554296016693,211.8664228820801,0.01,0.5
787,119.97701465129852,212.4179496002197,0.01,0.5
788,122.25838759899139,211.57460754394532,0.01,0.5
789,119.51052255630493,212.53058296203614,0.01,0.5
790,125.12558739662171,212.62235008239747,0.01,0.5
791,108.34094286441803,211.9175099182129,0.01,0.5
792,130.4148434305191,212.7076823425293,0.01,0.5
793,120.48429047584534,212.74810005187987,0.01,0.5
794,113.68903078079224,213.20769355773925,0.01,0.5
795,115.45264384269714,213.26168014526368,0.01,0.5
796,124.93789775371552,213.906649017334,0.01,0.5
797,161.94267130851745,213.29764122009277,0.01,0.5
798,126.30271041870117,212.84327018737793,0.01,0.5
799,126.98001265525818,213.56777282714845,0.01,0.5
800,127.42207312583923,213.79409698486327,0.01,0.5
801,137.98820340156556,211.8024983215332,0.01,0.5
802,130.10153705596923,211.83142410278322,0.01,0.5
803,106.82633586883544,211.86708358764648,0.01,0.5
804,154.9492955303192,212.43346473693848,0.01,0.5
805,112.64366979599,211.08680099487304,0.01,0.5
806,110.28716933727264,211.8187456512451,0.01,0.5
807,117.85863215446471,212.47414405822755,0.01,0.5
808,120.74907320022584,210.66265373229982,0.01,0.5
809,129.69575046539308,212.00922088623048,0.01,0.5
810,132.4677768611908,211.03562507629394,0.01,0.5
811,120.4501525592804,212.18241165161132,0.01,0.5
812,116.25832530975342,212.46351600646972,0.01,0.5
813,126.38495224952698,211.8089041900635,0.01,0.5
814,134.53701407432555,212.85704139709472,0.01,0.5
815,109.0707087802887,212.73844215393066,0.01,0.5
816,130.6069460105896,212.41874801635743,0.01,0.5
817,125.8434391117096,210.44541702270507,0.01,0.5
818,114.98213366508485,212.05442436218263,0.01,0.5
819,131.57808760643005,211.98646835327148,0.01,0.5
820,136.62683813095092,211.55502059936524,0.01,0.5
821,129.76153809547424,210.25265060424806,0.01,0.5
822,137.30571959495543,209.92006637573243,0.01,0.5
823,146.0924410533905,209.5632600402832,0.01,0.5
824,141.14641324996947,209.01230674743653,0.01,0.5
825,130.71370157241822,210.69980125427247,0.01,0.5
826,134.03489831924438,209.5551321411133,0.01,0.5
827,160.27536659240724,208.89178695678712,0.01,0.5
828,104.04737151145935,207.94967193603514,0.01,0.5
829,139.53641398429872,208.15086860656737,0.01,0.5
830,134.64560694694518,207.89133964538576,0.01,0.5
831,138.7940604496002,208.64145652770995,0.01,0.5
832,117.74871574401855,207.84232048034667,0.01,0.5
833,107.59137541294098,207.70996810913087,0.01,0.5
834,128.96450242042542,206.29114517211914,0.01,0.5
835,121.50143058776855,204.77617065429686,0.01,0.5
836,126.65891681671143,205.1230219268799,0.01,0.5
837,100.83317262649535,204.71127914428712,0.01,0.5
838,115.43127937316895,204.02050910949708,0.01,0.5
839,120.67536542892456,204.37388580322266,0.01,0.5
840,125.01090122222901,202.19098571777343,0.01,0.5
841,170.3537161254883,202.3844236755371,0.01,0.5
842,153.77098152160644,201.03175361633302,0.01,0.5
843,114.65507177352906,202.61795753479004,0.01,0.5
844,136.28088862419128,200.86825592041015,0.01,0.5
845,128.66022596359252,199.08252449035643,0.01,0.5
846,142.95232893943788,198.54534049987794,0.01,0.5
847,121.71748888969421,199.29041053771974,0.01,0.5
848,125.77222885131836,197.48178581237792,0.01,0.5
849,121.37958894729614,196.96140686035156,0.01,0.5
850,106.4207575416565,195.0006729888916,0.01,0.5
851,125.10599515914917,193.98493659973144,0.01,0.5
852,149.14364234924315,191.26650848388672,0.01,0.5
853,110.65116905212402,192.9139638519287,0.01,0.5
854,131.23408357620238,190.99564582824706,0.01,0.5
855,104.10884316444397,190.71579353332518,0.01,0.5
856,134.54252955436706,189.49930099487304,0.01,0.5
857,145.920465965271,190.5427229309082,0.01,0.5
858,135.7584232711792,187.93171714782716,0.01,0.5
859,112.9231455898285,187.14070068359376,0.01,0.5
860,123.95674749374389,184.41443000793458,0.01,0.5
861,131.53506114959717,186.47304214477538,0.01,0.5
862,106.116080827713,182.99330947875976,0.01,0.5
863,154.85327509880065,184.68206954956054,0.01,0.5
864,107.50461812019348,183.00512092590333,0.01,0.5
865,103.9229571056366,180.18875183105467,0.01,0.5
866,102.83596735954285,181.29571098327636,0.01,0.5
867,115.49180018424988,179.70167442321778,0.01,0.5
868,103.68005722999573,180.87265022277833,0.01,0.5
869,100.8329545879364,179.59428863525392,0.01,0.5
870,133.14464590072632,176.9274631500244,0.01,0.5
871,139.80654315948487,175.85951629638672,0.01,0.5
872,101.90254327774048,175.31069213867187,0.01,0.5
873,90.8015600681305,174.71075660705566,0.01,0.5
874,102.15564600944519,173.57000930786134,0.01,0.5
875,131.2640011882782,175.2312866973877,0.01,0.5
876,114.87527992248535,172.55002853393555,0.01,0.5
877,142.54314658164978,172.35728744506835,0.01,0.5
878,111.3097539615631,170.58968421936035,0.01,0.5
879,106.81762305259704,171.97819046020507,0.01,0.5
880,118.56792339324952,167.53194255828856,0.01,0.5
881,89.49893717765808,168.416898727417,0.01,0.5
882,114.43394865036011,169.68107398986817,0.01,0.5
883,107.62187027931213,165.37438552856446,0.01,0.5
884,105.98518328666687,166.88214763641358,0.01,0.5
885,141.58751563072204,166.04132484436036,0.01,0.5
886,97.5020071029663,161.44287586212158,0.01,0.5
887,102.0543094921112,161.57791286468506,0.01,0.5
888,116.41392015457153,161.61638832092285,0.01,0.5
889,105.47937529563904,161.6053662109375,0.01,0.5
890,117.5153008556366,160.09714393615724,0.01,0.5
891,132.5138396549225,158.81921741485596,0.01,0.5
892,118.36169834136963,157.43706890106202,0.01,0.5
893,107.33455568313599,158.91411373138428,0.01,0.5
894,123.66279043197632,158.49364933013916,0.01,0.5
895,148.72852334976196,155.4748892211914,0.01,0.5
896,133.2408310031891,156.2135005569458,0.01,0.5
897,99.13608819007874,155.34229488372802,0.01,0.5
898,123.83827044486999,154.41942577362062,0.01,0.5
899,103.11567902565002,152.33147945404053,0.01,0.5
900,105.96826097488403,150.30539108276366,0.01,0.5
901,134.68003792762755,150.52713962554932,0.01,0.5
902,104.36135815620422,151.0748551940918,0.01,0.5
903,105.11056620597839,150.34172859191895,0.01,0.5
904,115.14602766036987,149.8014391708374,0.01,0.5
905,155.67846855163575,146.3335870742798,0.01,0.5
906,128.81797080516816,146.1863472366333,0.01,0.5
907,119.54892897605896,146.81414714813232,0.01,0.5
908,98.44191700935363,146.25627403259278,0.01,0.5
909,104.61261769294738,143.04192401885987,0.01,0.5
910,114.94550477027893,142.18507415771484,0.01,0.5
911,106.66885732650756,140.51139099121093,0.01,0.5
912,107.73653933525085,141.4861099243164,0.01,0.5
913,102.51961663246155,141.3784726715088,0.01,0.5
914,122.1197797203064,139.6463418197632,0.01,0.5
915,99.08433604240417,139.74694305419922,0.01,0.5
916,102.02042500495911,138.97754817962647,0.01,0.5
917,106.39486226081848,136.5939727783203,0.01,0.5
918,98.28861441612244,136.9013930130005,0.01,0.5
919,107.38866121292114,136.9895574569702,0.01,0.5
920,99.66248967170715,133.62043621063233,0.01,0.5
921,99.23361699104309,131.76955669403077,0.01,0.5
922,110.83568254470825,133.7060273361206,0.01,0.5
923,114.88093406677245,132.60736160278321,0.01,0.5
924,118.43603817939758,130.66672828674317,0.01,0.5
925,114.69764996528626,130.38954013824463,0.01,0.5
926,114.51520911216735,129.71255863189697,0.01,0.5
927,124.03692768096924,128.59955619812013,0.01,0.5
928,118.63240525245666,127.38542018890381,0.01,0.5
929,117.44800523757935,126.4830947113037,0.01,0.5
930,124.66848806381226,127.07171058654785,0.01,0.5
931,124.02956588745117,125.06008953094482,0.01,0.5
932,134.25982955932616,124.28840133666992,0.01,0.5
933,81.31804091453552,121.77587928771973,0.01,0.5
934,107.02080302238464,122.94423080444336,0.01,0.5
935,122.61544341087341,120.87049087524414,0.01,0.5
936,94.41962428092957,119.74188247680664,0.01,0.5
937,85.74529109001159,121.74370037078857,0.01,0.5
938,90.16866366386414,120.78698612213135,0.01,0.5
939,116.6657375717163,119.83031967163086,0.01,0.5
940,125.46843178749084,118.09934398651123,0.01,0.5
941,102.82815325736999,120.07074954986572,0.01,0.5
942,113.20279815673828,117.50909605026246,0.01,0.5
943,124.08444014549255,114.26624393463135,0.01,0.5
944,107.77827549934388,115.80183948516846,0.01,0.5
945,121.80290382385255,113.95708065032959,0.01,0.5
946,100.9872754573822,111.67996387481689,0.01,0.5
947,114.79619196891785,112.89080368041992,0.01,0.5
948,91.60616938591004,115.59452857971192,0.01,0.5
949,84.43651030540467,113.670376663208,0.01,0.5
950,104.54104804039001,113.32681922912597,0.01,0.5
951,113.2024243927002,112.46212936401368,0.01,0.5
952,97.66463870048523,111.88347869873047,0.01,0.5
953,92.81901829719544,113.0204598236084,0.01,0.5
954,103.7013473033905,113.20177421569824,0.01,0.5
955,119.87207622528076,113.17072662353516,0.01,0.5
956,103.08281559944153,113.58469470977784,0.01,0.5
957,116.2984732913971,111.4038039779663,0.01,0.5
958,86.17908150672912,111.26987777709961,0.01,0.5
959,94.19752060890198,110.8766151046753,0.01,0.5
960,80.26192484855652,110.99757431030274,0.01,0.5
961,110.62818953514099,113.11706233978272,0.01,0.5
962,80.70369221687316,110.94009296417236,0.01,0.5
963,93.85594213962555,111.55557109832763,0.01,0.5
964,133.95168438911438,110.89061569213867,0.01,0.5
965,125.84291235923767,108.84125259399414,0.01,0.5
966,100.75180036544799,107.99299608230591,0.01,0.5
967,86.9675667476654,109.26208990097047,0.01,0.5
968,124.96751281738281,110.56288440704346,0.01,0.5
969,102.76277985572816,111.77060653686523,0.01,0.5
970,126.72019589424133,108.4714903831482,0.01,0.5
971,95.13540182113647,108.61416206359863,0.01,0.5
972,108.6921123790741,107.00053173065186,0.01,0.5
973,93.79507093429565,106.42636234283447,0.01,0.5
974,109.61857805252075,107.66023277282714,0.01,0.5
975,88.34733315467834,107.08617469787598,0.01,0.5
976,75.07528190135956,105.83215307235717,0.01,0.5
977,93.54177476882934,108.09208919525146,0.01,0.5
978,106.31133974075317,106.07066520690918,0.01,0.5
979,89.73656170845032,107.0210468673706,0.01,0.5
980,99.95887371063232,105.40923360824586,0.01,0.5
981,75.18727063179016,106.8969333076477,0.01,0.5
982,98.13150415420532,105.77876903533935,0.01,0.5
983,82.94070506095886,107.45018033981323,0.01,0.5
984,101.66680724143981,105.55673976898193,0.01,0.5
985,105.57535457611084,105.89545051574707,0.01,0.5
986,111.45334537029267,104.25192337036133,0.01,0.5
987,78.93659177780151,108.89183618545532,0.01,0.5
988,111.81805644512177,106.1375606918335,0.01,0.5
989,84.42748192787171,106.70456296920776,0.01,0.5
990,82.91008675575256,105.47111673355103,0.01,0.5
991,130.7203236103058,105.30601055145263,0.01,0.5
992,89.44912908554078,105.74380416870117,0.01,0.5
993,105.64135207176209,104.260037651062,0.01,0.5
994,110.63049759864808,101.85152702331543,0.01,0.5
995,93.72396708488465,100.98641222000123,0.01,0.5
996,92.68917704105377,100.55382164001465,0.01,0.5
997,93.38497964859009,98.47027648925781,0.01,0.5
998,101.47025983810425,100.99404500961303,0.01,0.5
999,90.26017320156097,100.12672967910767,0.01,0.5
