,critic,actor,cum_rewards,tau,theta
0,8.3194100856781,-0.015394044392742216,-1195.5716174974827,0.5,1.0
1,23.382313928604127,0.4982623908668756,-1258.5467554324482,0.5,1.0
2,27.81288311958313,2.4577602207660676,-1602.1634624241408,0.5,1.0
3,31.459546604156493,7.252950806617736,-1690.9229190521573,0.5,1.0
4,32.62777092933655,15.912587738037109,-1639.281406484473,0.5,1.0
5,29.826435070037842,25.621887683868408,-1565.023032031507,0.5,1.0
6,26.22840705871582,32.808987016677854,-1651.2626571753913,0.5,1.0
7,27.411106672286987,39.51314981460571,-1879.5211278361458,0.5,1.0
8,30.838084449768065,45.7126647567749,-1604.7951195015444,0.5,1.0
9,34.68811080932617,51.78546857833862,-1567.268751446183,0.5,1.0
10,38.51225708007812,58.22605298995972,-1514.9735655649047,0.5,1.0
11,42.004148120880124,65.78914226531982,-1656.0097112597193,0.5,1.0
12,53.004557819366454,74.60851932525635,-1802.2009196595432,0.5,1.0
13,60.038642387390134,86.01191158294678,-1783.656815425263,0.5,1.0
14,70.56647016525268,100.25741649627686,-1779.9950172042436,0.5,1.0
15,94.17588426589965,115.37801368713379,-1546.255461556654,0.5,1.0
16,121.33895280838013,133.66382484436036,-1669.4579594474478,0.5,1.0
17,140.7263667869568,153.29556205749512,-1862.1474459738602,0.5,1.0
18,157.0479249191284,173.591499710083,-1693.8728451435836,0.5,1.0
19,206.87907697677613,195.16305839538575,-1193.6201983614296,0.5,1.0
20,223.8142675590515,217.5906273651123,-1191.8291895707466,0.5,1.0
21,297.5542830657959,240.57748458862304,-1294.2464829399923,0.5,1.0
22,384.11320999145505,260.75318252563477,-1430.612545043948,0.5,1.0
23,436.8019442749023,278.698244934082,-1350.7369447582391,0.5,1.0
24,457.9068069839478,292.9175570678711,-1483.3398699948416,0.5,1.0
25,518.890881729126,302.71044860839845,-1333.3780577486245,0.5,1.0
26,523.1511773681641,314.22382873535156,-1556.9434166197807,0.5,1.0
27,541.2868892669678,322.72520187377927,-1525.172538101923,0.5,1.0
28,661.3555562591553,330.47766983032227,-1561.7006479635124,0.5,1.0
29,649.8758023071289,338.22914459228514,-1607.9697481184885,0.5,1.0
30,650.371919555664,343.45514083862304,-1604.1451544872168,0.5,1.0
31,822.2400193023682,353.72347259521484,-1672.7791650173372,0.5,1.0
32,763.1551782226562,359.37609130859374,-1550.4721104768214,0.5,1.0
33,791.522314453125,361.9479284667969,-1597.24150841969,0.5,1.0
34,871.6864540100098,367.21832748413084,-1638.1596491960668,0.5,1.0
35,878.812492980957,368.8555778503418,-1618.9932047900352,0.5,1.0
36,818.286893157959,372.6881721496582,-1586.9493323575164,0.5,1.0
37,885.0669442749023,376.3902035522461,-1617.0365129085262,0.5,1.0
38,984.3535781860352,378.83494537353516,-1590.1003454527295,0.5,1.0
39,985.1897671508789,377.6773245239258,-1667.4015476818654,0.5,1.0
40,977.2199174499511,381.4741271972656,-1590.3561717977057,0.5,1.0
41,949.694733428955,381.1343276977539,-1618.7736615601432,0.5,1.0
42,878.228447265625,383.02810165405276,-1601.607617083237,0.5,1.0
43,1021.0257666015625,385.9487889099121,-1619.7567573384154,0.5,1.0
44,1008.4952001953125,387.2547216796875,-1576.1091672777575,0.5,1.0
45,915.9061976623535,388.18088500976563,-1668.3095251655964,0.5,1.0
46,996.1693984985352,391.72691787719725,-1668.4841099159853,0.5,1.0
47,990.024517364502,389.67880142211914,-1551.7488251342268,0.5,1.0
48,990.6472576904297,390.81028747558594,-1645.732172700001,0.5,1.0
49,941.160068359375,387.6838731384277,-1514.391255978876,0.5,1.0
50,963.4218090820312,384.28904739379885,-1504.1410819676585,0.5,1.0
51,908.939761505127,382.97636962890624,-1641.051203462503,0.5,1.0
52,878.4623724365234,383.61416290283205,-1618.6669423003855,0.5,1.0
53,887.6612365722656,383.8293342590332,-1648.9488577453942,0.5,1.0
54,859.6308341217041,381.9494171142578,-1583.6805650202043,0.5,1.0
55,827.5590913391113,379.9179933166504,-1593.9420135287132,0.5,1.0
56,792.0186157989502,380.2796220397949,-1633.3049552557782,0.5,1.0
57,888.5677156066895,379.79597793579103,-1494.6934691237625,0.5,1.0
58,679.8814208221436,375.88202209472655,-1656.0188979546533,0.5,1.0
59,804.4013055419922,378.41556533813474,-1531.8615594540513,0.5,1.0
60,783.1964568328857,374.0921264648438,-1609.8035410886366,0.5,1.0
61,742.4935437774658,372.552808380127,-1667.9711218329849,0.5,1.0
62,749.515957107544,369.7937940979004,-1499.7001274158765,0.5,1.0
63,664.0568386077881,366.57424499511717,-1545.1438382966721,0.5,1.0
64,627.9182498168946,364.508690032959,-1523.240455530574,0.5,1.0
65,564.11014793396,365.2848469543457,-1682.6349083525838,0.5,1.0
66,528.2292370986938,366.84507843017576,-1600.8102435107494,0.5,1.0
67,591.3292363357544,367.18966232299806,-1601.2335147619406,0.5,1.0
68,531.5820789337158,364.4096978759766,-1844.3391675448834,0.5,1.0
69,457.4511894226074,357.36988082885745,-1648.794774122552,0.5,1.0
70,466.1611775970459,353.60901565551757,-1409.6959785936253,0.5,1.0
71,433.63942924499514,342.45302352905276,-1574.4246721437635,0.5,1.0
72,391.9498632240295,332.06736846923826,-1813.5075005955623,0.5,1.0
73,342.78594146728517,319.71489639282225,-1785.5320429846813,0.5,1.0
74,298.3975890350342,306.7818902587891,-1056.4922832667073,0.5,1.0
75,260.15084955215457,296.3561549377441,-1360.770321585208,0.5,1.0
76,235.9764264011383,286.82831512451173,-1187.9777606284545,0.5,1.0
77,243.18524518966674,278.14148864746096,-1043.2798050899944,0.5,1.0
78,228.46781351089479,271.4390255737305,-935.206487284605,0.5,1.0
79,189.3965619945526,263.79978256225587,-898.4982042721048,0.5,1.0
80,180.60144746780395,258.9649825286865,-868.6796658039722,0.5,1.0
81,191.53200651168822,253.9245761871338,-1599.1146243701364,0.5,1.0
82,167.1470957660675,248.38466873168946,-1159.088136942714,0.5,1.0
83,176.08964332580567,245.68044776916503,-1560.9557085619754,0.5,1.0
84,202.67502351760865,243.29273315429688,-1241.358476893688,0.5,1.0
85,179.0517875480652,240.35625411987306,-1511.7073889156293,0.5,1.0
86,197.93387135982513,239.7512456512451,-1528.365524715411,0.5,1.0
87,169.3509780931473,240.57889656066894,-1168.0049131609615,0.5,1.0
88,218.08444212436677,243.16892623901367,-1532.8003687750468,0.5,1.0
89,142.87531745910644,247.29983924865724,-1172.6694361339423,0.5,1.0
90,183.64494633197785,252.29459259033203,-1164.6459680849696,0.5,1.0
91,183.26185004234313,255.4193930053711,-1558.5647466463083,0.5,1.0
92,193.54371541023255,260.3898998260498,-1536.4373806772064,0.5,1.0
93,181.86234177589415,266.0233038330078,-1163.8944846998224,0.5,1.0
94,246.93633220672606,271.3463032531738,-1158.6549169009122,0.5,1.0
95,202.58680006980896,276.4831089782715,-1136.889773740174,0.5,1.0
96,211.85306831359864,282.85477661132813,-1876.2406910070033,0.5,1.0
97,277.73238191604617,288.4432183837891,-970.0086749428125,0.5,1.0
98,238.4027087879181,292.20010162353515,-983.2552905546672,0.5,1.0
99,256.11128717422486,299.3326976013184,-1837.0031940229624,0.5,1.0
100,273.51441052436826,306.34439666748045,-991.5025752388005,0.5,1.0
101,275.19381380081177,313.1748599243164,-1830.793700176213,0.5,1.0
102,263.9174624156952,322.06825607299805,-1833.2146093771662,0.5,1.0
103,326.7094767665863,328.46107971191407,-1359.2437321548496,0.5,1.0
104,315.2884919834137,332.64274536132814,-1383.1919401506402,0.5,1.0
105,306.52989776611327,336.99385223388674,-1414.863924581786,0.5,1.0
106,298.30953855514525,341.16022689819334,-1798.4458792418595,0.5,1.0
107,389.5648244380951,343.9752731323242,-1482.182357825041,0.5,1.0
108,335.40551335811614,342.9603901672363,-1477.9131196682579,0.5,1.0
109,342.8659509897232,345.40265213012697,-1466.8650465211874,0.5,1.0
110,322.8019184827805,348.7744256591797,-1435.3024190764972,0.5,1.0
111,344.77010890960696,352.3082423400879,-1768.3206710233073,0.5,1.0
112,315.38721500873567,354.4510108947754,-1524.5772609376163,0.5,1.0
113,399.37158968448637,357.0734034729004,-1794.484861050064,0.5,1.0
114,320.9866390657425,357.70232147216797,-1429.6121455302944,0.5,1.0
115,327.6614591407776,361.57321563720706,-1489.569144205754,0.5,1.0
116,322.2922989034653,366.07046600341795,-1719.4778085244243,0.5,1.0
117,382.7479774141312,367.2186375427246,-1544.7063859130228,0.5,1.0
118,358.12430666923524,369.92348770141604,-1528.5865914738886,0.5,1.0
119,352.11562193393706,369.9413833618164,-1497.807513074099,0.5,1.0
120,360.1962105560303,370.4206982421875,-1812.7832080593641,0.5,1.0
121,348.80260135173796,371.5626634216309,-1565.9254890462917,0.5,1.0
122,356.3419070196152,371.3556672668457,-1467.313069252443,0.5,1.0
123,356.5266503334045,373.8874678039551,-1560.1407723178258,0.5,1.0
124,380.23573162078856,373.5269548034668,-1780.8599214419205,0.5,1.0
125,347.8232503318787,376.3790768432617,-1552.4434484948497,0.5,1.0
126,375.1462001657486,378.4526824951172,-1442.0283781718715,0.5,1.0
127,392.1076285982132,379.7119282531738,-1786.627163141106,0.5,1.0
128,365.5256659269333,381.80774703979495,-1785.6644163214323,0.5,1.0
129,391.653688082695,381.64087203979494,-1410.2185769013472,0.5,1.0
130,399.8094009590149,383.3141947937012,-1775.6270576599018,0.5,1.0
131,384.2093044829369,382.1678088378906,-1408.2966704661105,0.5,1.0
132,323.23214062213896,385.4927867126465,-1515.745916525248,0.5,1.0
133,380.5175909328461,388.14153244018553,-1768.0928327884085,0.5,1.0
134,397.64850154638293,388.6750483703613,-1409.35751015552,0.5,1.0
135,364.68891225337984,389.2017086791992,-1410.5862943974416,0.5,1.0
136,395.5923814606667,388.68496810913086,-1388.684009157405,0.5,1.0
137,340.89605844974517,393.6085676574707,-1763.733697179673,0.5,1.0
138,427.22128454685213,393.34719512939455,-1749.900931806521,0.5,1.0
139,412.2867266249657,391.72039276123047,-1245.4169758354067,0.5,1.0
140,408.12572350263594,391.5355880737305,-1698.2052003092197,0.5,1.0
141,369.38543639421465,392.71881759643554,-1276.0768125127443,0.5,1.0
142,386.17220621824265,393.3648648071289,-1226.0971882427523,0.5,1.0
143,446.5672846007347,393.5122369384766,-1212.8357153484367,0.5,1.0
144,395.9342845869064,392.48402389526365,-1153.6875468204942,0.5,1.0
145,370.6993191599846,394.4304002380371,-1292.3691733626297,0.5,1.0
146,405.03631677389143,396.6636589050293,-1270.696311308604,0.5,1.0
147,377.67230372428895,396.6535760498047,-1727.782349534968,0.5,1.0
148,400.4049234509468,399.0862826538086,-1709.7938894288313,0.5,1.0
149,390.6389465737343,401.25514083862305,-1726.7738292015383,0.5,1.0
150,445.19761116981505,399.38897842407226,-1237.7384841558285,0.5,1.0
151,369.4934760141373,400.7278044128418,-1248.700228966205,0.5,1.0
152,393.6509087896347,402.89384704589844,-1666.8518780499978,0.5,1.0
153,454.7155681228638,401.85949783325196,-1771.4604473125266,0.5,1.0
154,365.84500037670136,403.4308659362793,-1313.5714041171973,0.5,1.0
155,410.91578783512114,406.0251953125,-1289.1647575481625,0.5,1.0
156,399.88430886745454,406.60101333618167,-1749.2129791575283,0.5,1.0
157,403.84603857040406,405.32261978149415,-1721.6097279739379,0.5,1.0
158,418.7031610202789,405.9194331359863,-1366.3524211832778,0.5,1.0
159,365.5692763471603,408.0785223388672,-1313.6104579403016,0.5,1.0
160,427.70691561460495,407.4378221130371,-1222.1099681396038,0.5,1.0
161,404.43478785037996,407.06489059448245,-1753.919928623097,0.5,1.0
162,474.31465197086334,406.37941589355466,-1395.1758978892033,0.5,1.0
163,397.5347366571426,404.7662957763672,-1070.6343016241422,0.5,1.0
164,458.910998878479,404.73740661621093,-1718.4213113034166,0.5,1.0
165,332.00156834125517,406.3900389099121,-1425.4280729364468,0.5,1.0
166,402.5192839002609,409.48418518066404,-1709.2980722076932,0.5,1.0
167,417.33876873493193,410.6795584106445,-1691.128731572951,0.5,1.0
168,445.9283255672455,410.33457458496093,-1330.3856009841047,0.5,1.0
169,438.56128050804136,409.9555729675293,-1650.9111487172295,0.5,1.0
170,390.6742892217636,410.45947265625,-1378.7316374012826,0.5,1.0
171,410.16647322177886,410.4437648010254,-1344.1556166205403,0.5,1.0
172,383.95494324207306,412.0947622680664,-1714.2231766641419,0.5,1.0
173,449.94499841690066,411.1913980102539,-1400.2304030562027,0.5,1.0
174,451.223660697937,409.3832597351074,-1617.2490634976198,0.5,1.0
175,465.46863191604615,407.3554154968262,-1401.7261641703417,0.5,1.0
176,441.88344612598416,406.46704162597655,-1345.7976141092536,0.5,1.0
177,381.5971534729004,408.3862022399902,-1717.8668584936922,0.5,1.0
178,481.968485918045,408.78865417480466,-1701.471407918094,0.5,1.0
179,437.6833076572418,408.089305267334,-1285.3710689404934,0.5,1.0
180,407.74199580669404,408.52658615112307,-1698.9394314894096,0.5,1.0
181,405.76534556388856,412.0819192504883,-1747.8739761789052,0.5,1.0
182,415.8399040412903,413.6573683166504,-1481.6910095249864,0.5,1.0
183,377.6608728432655,415.6009619140625,-1677.1675509570543,0.5,1.0
184,443.9294808626175,415.6387864685059,-1718.7278920688614,0.5,1.0
185,415.5627359962463,416.39531997680666,-1390.3959704382976,0.5,1.0
186,422.05806357860564,415.0519104003906,-1376.5925666813187,0.5,1.0
187,406.2342627358437,413.45000122070314,-1749.311150164468,0.5,1.0
188,418.6117875337601,413.44302642822265,-1749.966981864594,0.5,1.0
189,435.7913520097733,410.755224609375,-1688.9652038426937,0.5,1.0
190,418.22415435791015,410.069774017334,-1380.5645174009876,0.5,1.0
191,449.81773591041565,409.4493896484375,-1393.8616884684702,0.5,1.0
192,414.89012989044187,410.9318635559082,-1040.9624944476054,0.5,1.0
193,466.6748595523834,409.8605053710937,-1307.8863749978436,0.5,1.0
194,457.5435671854019,409.07025985717775,-1693.76201427887,0.5,1.0
195,419.88087629795075,408.2925054931641,-1319.2200643053275,0.5,1.0
196,466.409856801033,409.1413819885254,-1728.846772736168,0.5,1.0
197,465.457671611309,409.19901107788087,-1709.4190156073923,0.5,1.0
198,400.54030481338503,409.09991989135744,-1340.5042548205233,0.5,1.0
199,411.4890797281265,411.6967465209961,-1359.575676941617,0.5,1.0
200,405.72620280265807,412.40766647338864,-1728.629566006935,0.5,1.0
201,459.57767683029175,412.9609963989258,-1338.0632076389104,0.5,1.0
202,404.22441591262816,411.86585418701173,-1377.5001674928635,0.5,1.0
203,426.39724096298215,413.3437086486816,-1379.9947843530624,0.5,1.0
204,469.3133950185776,411.03338088989256,-1450.0679783094934,0.5,1.0
205,385.83007545948027,411.26201766967773,-1599.5229847216829,0.5,1.0
206,420.51762244939806,413.457105255127,-1677.0828562531801,0.5,1.0
207,493.94773624897005,410.427686920166,-1346.1484275156884,0.5,1.0
208,466.12663862466815,407.3418081665039,-1619.6257665445285,0.5,1.0
209,347.8051987743378,408.44867874145507,-1671.395613006944,0.5,1.0
210,403.6886762714386,411.43065521240237,-1338.7614179756392,0.5,1.0
211,382.9205167102814,414.58543090820314,-1358.1036909770537,0.5,1.0
212,416.4592880344391,413.8886749267578,-1346.806806494369,0.5,1.0
213,455.0263140463829,411.92094848632814,-1604.5732905688878,0.5,1.0
214,475.81981318950653,410.5316052246094,-1559.8747555702707,0.5,1.0
215,426.4255802536011,407.7509783935547,-1360.1671894235953,0.5,1.0
216,455.3159485030174,407.36351943969726,-1371.5414324084832,0.5,1.0
217,385.2205082559586,407.61525955200193,-1578.9538437881056,0.5,1.0
218,407.9615900850296,407.6638928222656,-1316.2987734911442,0.5,1.0
219,422.8013097143173,409.81276275634764,-1575.0250455872504,0.5,1.0
220,453.51402395248414,407.8597999572754,-1579.4928269156617,0.5,1.0
221,388.59393508434295,409.13160964965823,-1351.71804512156,0.5,1.0
222,446.01731886863706,410.96600387573244,-1315.4685656793029,0.5,1.0
223,394.30170996427535,411.02016555786133,-1180.646949621228,0.5,1.0
224,396.95655260801317,414.07532623291013,-1300.3897488171324,0.5,1.0
225,351.2058737754822,414.40203338623047,-1596.9637228910196,0.5,1.0
226,451.3575787210464,415.02175918579104,-1290.9036315800643,0.5,1.0
227,480.5139905524254,411.94839309692384,-1343.8642674694597,0.5,1.0
228,470.539258377552,407.97325927734374,-1292.3738342321215,0.5,1.0
229,378.7038049197197,407.68430908203123,-1340.0425352404568,0.5,1.0
230,423.23776368379595,409.38358825683594,-1221.5195339643385,0.5,1.0
231,427.1383680129051,408.3898457336426,-1301.3779479442137,0.5,1.0
232,361.71887815237045,409.0288513183594,-1325.1498104730595,0.5,1.0
233,465.22755772590637,408.11637634277344,-1268.6051660216099,0.5,1.0
234,460.6828551077843,404.2761618041992,-1225.4819372697248,0.5,1.0
235,428.20809529781343,402.45392547607423,-1228.9513535320857,0.5,1.0
236,397.4071096229553,403.3862577819824,-1682.942147917022,0.5,1.0
237,373.14130774974825,404.83063568115233,-1169.3353565880489,0.5,1.0
238,385.551995601654,405.65598068237307,-1225.376257529666,0.5,1.0
239,402.96302050590515,407.1654612731934,-1369.6697472228393,0.5,1.0
240,422.89334000110625,405.72339767456054,-1219.6479475087995,0.5,1.0
241,393.61982998132703,404.8037269592285,-1205.82784225779,0.5,1.0
242,418.7793144083023,405.9976794433594,-1184.016391178073,0.5,1.0
243,409.5987900352478,402.2249154663086,-1180.1537386280324,0.5,1.0
244,408.58036618947983,401.49223098754885,-1196.384042582884,0.5,1.0
245,420.86218815088273,402.77208267211915,-1068.0471915902408,0.5,1.0
246,357.81800266265867,404.26389465332034,-1199.0400946626355,0.5,1.0
247,336.67209839105607,406.22262283325193,-1209.244056968083,0.5,1.0
248,373.1705001115799,406.20054275512695,-1365.2848109079782,0.5,1.0
249,417.6114741420746,406.4218327331543,-1387.7063478069804,0.5,1.0
250,451.91436774015426,404.29493560791013,-1006.9050067939439,0.5,1.0
251,442.2284905934334,400.2119885253906,-1096.974096038667,0.5,1.0
252,361.6822355008125,398.47457611083985,-1203.699772308483,0.5,1.0
253,405.08219537973406,397.88570281982425,-1223.1021308695695,0.5,1.0
254,361.70643077373506,400.0140557861328,-1210.0535993875628,0.5,1.0
255,347.0013485789299,404.7618272399902,-1287.7043585351953,0.5,1.0
256,443.8234413266182,402.36591186523435,-1041.0232971538169,0.5,1.0
257,354.79176938056946,401.0343322753906,-1157.5487019343404,0.5,1.0
258,386.1232376480103,401.7611735534668,-1181.4729429268607,0.5,1.0
259,361.2150415802002,401.8331501770019,-1322.919844670378,0.5,1.0
260,418.54251276493073,402.966840057373,-1383.4106414640473,0.5,1.0
261,429.89846644163134,399.0444595336914,-1223.0768596313915,0.5,1.0
262,409.2118803882599,396.39993240356443,-1305.570179002967,0.5,1.0
263,400.3841317343712,394.3277249145508,-1284.292447091657,0.5,1.0
264,397.56156584262845,394.08347244262694,-1333.5071737692779,0.5,1.0
265,371.3308489012718,394.74866409301757,-1245.1130159968116,0.5,1.0
266,378.7781195807457,395.3769407653809,-1301.0685156146078,0.5,1.0
267,413.80624028921125,394.53363784790037,-1370.5762611286307,0.5,1.0
268,388.5682277345657,392.0071360778809,-1318.2450925448777,0.5,1.0
269,368.54267183542254,395.32707641601564,-1363.9610397577114,0.5,1.0
270,389.67333003044126,398.0643737792969,-1359.6652304561576,0.5,1.0
271,389.27841178894045,398.02215225219726,-1311.60018080784,0.5,1.0
272,395.8018367147446,395.4037033081055,-1285.7959373099577,0.5,1.0
273,403.7032287144661,393.209913482666,-1033.084634175286,0.5,1.0
274,373.87947073936465,391.8657672119141,-1199.879086869178,0.5,1.0
275,367.8949793577194,391.1431285095215,-1317.8526262059272,0.5,1.0
276,451.4940315461159,389.9858283996582,-1218.9576337157082,0.5,1.0
277,384.6207515525818,388.12911834716795,-1211.0866977004757,0.5,1.0
278,398.4352943396568,388.9588186645508,-1176.6555057959033,0.5,1.0
279,383.81717709302904,387.19435424804686,-1225.3743429380056,0.5,1.0
280,359.7833461999893,388.67311309814454,-1324.8529538158336,0.5,1.0
281,415.62311363220215,388.03859603881835,-1329.3759334542697,0.5,1.0
282,417.5777115082741,385.7134391784668,-1291.1053601426156,0.5,1.0
283,347.77999202489855,384.24244415283204,-1322.2253916669968,0.5,1.0
284,373.741628780365,383.77013397216797,-1231.131417010774,0.5,1.0
285,298.1336626625061,385.3259510803223,-1216.3331853048217,0.5,1.0
286,368.8074765944481,390.1709120178223,-1265.6506279590021,0.5,1.0
287,376.78240241765974,387.96871307373044,-1275.6081007985458,0.5,1.0
288,346.4723124527931,386.74110412597656,-1341.7819040184731,0.5,1.0
289,376.79126090765,386.9290805053711,-1337.830123853049,0.5,1.0
290,412.21741408109665,383.6571646118164,-1331.4572182444824,0.5,1.0
291,419.7301182126999,379.60261993408204,-1217.958769539466,0.5,1.0
292,446.0485742664337,373.7613851928711,-1320.6912812970268,0.5,1.0
293,305.6822212648392,374.3340118408203,-1354.7021518699116,0.5,1.0
294,370.06258689641953,377.3982745361328,-1273.5948459411602,0.5,1.0
295,307.5122880148888,379.7343444824219,-1194.165473206368,0.5,1.0
296,343.8642204189301,381.3443550109863,-1237.423296943704,0.5,1.0
297,335.75963707923887,384.43094009399414,-1258.363114214715,0.5,1.0
298,398.31108578681943,382.2024281311035,-1102.5831784525599,0.5,1.0
299,302.4460172343254,383.0124996948242,-1331.312590511517,0.5,1.0
300,377.01841797351835,384.28836212158205,-1338.7208839228642,0.5,1.0
301,328.16602822780607,381.1570365905762,-1200.9324455004153,0.5,1.0
302,358.069670791626,381.5353753662109,-1217.3737141296083,0.5,1.0
303,380.0100300502777,382.5731439208984,-1215.529840310855,0.5,1.0
304,330.5886545729637,381.0035783386231,-1287.7462703306555,0.5,1.0
305,354.7817385935783,379.7492788696289,-1271.0792998208158,0.5,1.0
306,368.5797656345367,381.95862365722655,-1324.6735788330752,0.5,1.0
307,333.5340001654625,378.85725982666014,-1315.5232679265976,0.5,1.0
308,328.0462265729904,382.33256240844725,-1318.8094153773425,0.5,1.0
309,359.26968073129655,380.7907911682129,-1337.9860142015646,0.5,1.0
310,345.7327306866646,381.1088131713867,-1342.8714861592816,0.5,1.0
311,381.2434978914261,380.0989836120605,-1281.5782287857214,0.5,1.0
312,346.15195601940155,377.3722235107422,-1315.9026618638743,0.5,1.0
313,394.3250254869461,375.86053344726565,-1353.2416958633858,0.5,1.0
314,346.06221797466276,373.29436859130857,-1318.720838452628,0.5,1.0
315,294.5919795823097,377.2312350463867,-1311.7452943977814,0.5,1.0
316,325.2432650876045,380.8965644836426,-1251.800305833264,0.5,1.0
317,325.92648648023606,383.87505584716797,-1299.9533448380446,0.5,1.0
318,371.05559995889666,383.72649841308595,-1244.103006194076,0.5,1.0
319,346.1797722125053,382.14379196166993,-1320.8804908959924,0.5,1.0
320,392.7305769014358,380.33881225585935,-1239.5889223211739,0.5,1.0
321,327.2984342098236,378.42133880615233,-1281.406414536768,0.5,1.0
322,375.8435182452202,378.3823664855957,-1301.2425083982157,0.5,1.0
323,385.1309872674942,375.80812774658204,-1050.4776939249127,0.5,1.0
324,363.6993790006638,376.9472308349609,-1122.5247525707414,0.5,1.0
325,328.6731900668144,378.60842208862306,-1247.433781000775,0.5,1.0
326,361.86265532493593,382.13050308227537,-1209.4012502199375,0.5,1.0
327,363.8840214848518,383.711788482666,-1215.2567270669447,0.5,1.0
328,348.27579865932466,382.1733023071289,-1248.7449681143166,0.5,1.0
329,365.41734415769577,380.22324447631837,-1233.436114618879,0.5,1.0
330,362.14018165946004,377.7116505432129,-1224.437259173866,0.5,1.0
331,353.07497937202453,377.64222106933596,-1275.7401154767836,0.5,1.0
332,341.2215842270851,379.1197845458984,-1227.9030602177668,0.5,1.0
333,350.220752825737,379.1866018676758,-1136.0288236384931,0.5,1.0
334,347.21536296367645,379.8541906738281,-1201.3712469678694,0.5,1.0
335,308.4073021697998,381.7528591918945,-1220.6824929637899,0.5,1.0
336,410.3270604324341,379.9121675109863,-1206.9261767641283,0.5,1.0
337,271.18753377199175,377.96866470336914,-1322.0450568890956,0.5,1.0
338,342.8053077507019,381.7494848632812,-1197.7835301056816,0.5,1.0
339,355.7940142130852,380.48581130981444,-1209.7402983531488,0.5,1.0
340,372.26047154545785,378.2947164916992,-1210.7255928166442,0.5,1.0
341,319.7187930083275,378.7885220336914,-1208.0326403645797,0.5,1.0
342,401.8044539022446,377.68615570068357,-1208.1343517881237,0.5,1.0
343,336.90294667005537,375.0393896484375,-1208.9612688459256,0.5,1.0
344,343.32931094884873,375.2615208435059,-1201.9866755018447,0.5,1.0
345,350.0228582882881,375.93349716186526,-1158.3887623303176,0.5,1.0
346,374.2780804777145,376.5426272583008,-1053.1549961689384,0.5,1.0
347,374.7755796909332,372.8910997009277,-1204.4608395017249,0.5,1.0
348,292.89527704715726,375.17500762939454,-1214.8644581471701,0.5,1.0
349,371.41324574947356,375.4153590393066,-1141.1631068637626,0.5,1.0
350,376.4406520175934,373.4928295898437,-1138.1336825576375,0.5,1.0
351,343.78433804750443,371.31636764526365,-1223.0662832288635,0.5,1.0
352,354.03339073419573,368.1581114196777,-1207.477419343516,0.5,1.0
353,329.09665692567825,369.16559539794923,-1271.3875445537938,0.5,1.0
354,323.9051942563057,368.85039627075196,-1194.1621226887542,0.5,1.0
355,331.822371339798,369.85707702636716,-1191.6049319342078,0.5,1.0
356,358.22601169109345,368.4967478942871,-1203.300403834217,0.5,1.0
357,365.9074311327934,366.9053535461426,-1198.2751645089552,0.5,1.0
358,315.5284776973724,367.30919921875,-1150.1350510877978,0.5,1.0
359,318.3274723815918,366.7165417480469,-1275.9324105810224,0.5,1.0
360,305.1989812374115,366.2062530517578,-1256.8568212072091,0.5,1.0
361,322.0794781970978,368.2757456970215,-1176.571437975255,0.5,1.0
362,383.6215777397156,366.4917512512207,-1119.909173758962,0.5,1.0
363,345.7432279968262,363.4238917541504,-1185.608535300072,0.5,1.0
364,305.6288982987404,363.67903854370115,-1150.3581070527146,0.5,1.0
365,335.2224078822136,363.4644532775879,-1048.6694789138764,0.5,1.0
366,322.0944779920578,361.7711512756348,-1203.4943991354342,0.5,1.0
367,307.0863744020462,363.3960516357422,-1187.6356452901432,0.5,1.0
368,381.9692691445351,361.6250450134277,-1176.77522811093,0.5,1.0
369,271.2153846859932,361.7368962097168,-1038.7330827687856,0.5,1.0
370,315.2982915711403,365.09008224487303,-1108.9631813653505,0.5,1.0
371,295.6644497704506,368.63764129638673,-1187.4463073686302,0.5,1.0
372,318.48131314039233,368.83522521972657,-1114.695808436343,0.5,1.0
373,341.4610229992866,366.1176933288574,-1179.9866187208595,0.5,1.0
374,283.74782768011096,364.50864990234373,-1191.1949507598165,0.5,1.0
375,266.31564869880674,367.8875228881836,-1250.6932526319006,0.5,1.0
376,340.540520772934,369.92297515869143,-1068.5106179816794,0.5,1.0
377,379.824931936264,366.59909927368165,-1181.7300817210448,0.5,1.0
378,322.6618104624748,363.6503073120117,-1168.1564413097237,0.5,1.0
379,291.3814210402966,364.84779968261716,-1206.5268212566534,0.5,1.0
380,325.4616592156887,362.86923553466795,-1182.8509796969036,0.5,1.0
381,346.57927209854125,361.5883122253418,-1180.3558659419875,0.5,1.0
382,291.7524661755562,362.8184471130371,-1203.3302876345183,0.5,1.0
383,375.073657078743,362.81175506591796,-1198.7147838255291,0.5,1.0
384,293.80237388134003,361.3547843933105,-1016.5198838341752,0.5,1.0
385,381.6721171665192,361.73669235229494,-1193.018830662204,0.5,1.0
386,312.7355401754379,359.23301788330076,-1333.8138835089508,0.5,1.0
387,326.1277989220619,360.3901040649414,-1184.9709244382111,0.5,1.0
388,314.64887279748916,360.66313247680665,-1163.6253919166825,0.5,1.0
389,285.09796480417253,359.83076751708984,-1160.0754894605368,0.5,1.0
390,299.0593624043465,361.97065887451174,-1153.3295422517203,0.5,1.0
391,351.11562913656235,361.9374981689453,-1257.6519634961178,0.5,1.0
392,323.69612389326096,360.5606880187988,-1154.5166380638855,0.5,1.0
393,317.05135160684586,362.1835968017578,-1145.3335854968914,0.5,1.0
394,359.5258855032921,361.17862396240236,-1233.6510529615002,0.5,1.0
395,318.67207825422287,359.97545013427737,-1090.698621991174,0.5,1.0
396,349.0021375477314,357.1745185852051,-1141.296857057841,0.5,1.0
397,308.08441700458525,355.7830776977539,-1178.0854024994405,0.5,1.0
398,342.9011632013321,355.9905905151367,-1157.1121399005035,0.5,1.0
399,256.14240420460703,357.4244755554199,-1038.4550674288243,0.5,1.0
400,334.399327878952,359.1060032653809,-1069.7160794441693,0.5,1.0
401,353.3549481797218,355.48446334838866,-1136.7660777163396,0.5,1.0
402,284.19502212047576,354.0723194885254,-1237.3053218426837,0.5,1.0
403,269.71424912929535,356.99260238647463,-1121.4613920882039,0.5,1.0
404,317.7600016236305,359.1495268249512,-1075.6607016256612,0.5,1.0
405,340.0329248392582,355.9704153442383,-1066.4529799318439,0.5,1.0
406,328.660251686573,351.1899757385254,-1143.7943367653183,0.5,1.0
407,266.89862010478976,350.25290740966796,-1158.0711873673197,0.5,1.0
408,352.6798269724846,351.4158403015137,-1142.5737739804326,0.5,1.0
409,315.12045000910757,352.36648208618163,-1037.738252457193,0.5,1.0
410,331.6783882188797,351.38490463256835,-1147.6726897758745,0.5,1.0
411,285.6625231730938,351.1231851196289,-1029.644472114639,0.5,1.0
412,283.72942182540896,352.4003779602051,-1111.5249716321227,0.5,1.0
413,267.70587000727653,354.1850378417969,-1054.9772455785321,0.5,1.0
414,332.466846228838,353.8021653747559,-1043.274459047673,0.5,1.0
415,315.4738149428368,348.11958251953126,-1056.2754615971319,0.5,1.0
416,279.1620670938492,347.0673651123047,-1139.60015196773,0.5,1.0
417,294.5185843324661,348.74383666992185,-1078.621214024508,0.5,1.0
418,303.647248878479,350.85171646118164,-1154.1652533355696,0.5,1.0
419,310.25184507489206,350.0999882507324,-1177.654808571424,0.5,1.0
420,325.61362959384917,349.85734619140624,-1190.788583153594,0.5,1.0
421,315.12216587781904,347.8968830871582,-1001.3708570749232,0.5,1.0
422,286.92439905047416,346.8440505981445,-1078.7949724581356,0.5,1.0
423,277.4879094338417,349.99712783813476,-1058.7048184291784,0.5,1.0
424,335.7899501824379,350.2487387084961,-1074.4200250507054,0.5,1.0
425,252.67241988539695,347.0257972717285,-1145.7606456633125,0.5,1.0
426,268.8006412148476,349.5826805114746,-1138.4360788729027,0.5,1.0
427,347.3824905157089,351.3676547241211,-1060.5352455493057,0.5,1.0
428,313.76439314603806,348.641328125,-1066.110289574326,0.5,1.0
429,315.00366589546206,347.2354666137695,-1106.703928830264,0.5,1.0
430,278.38510302305224,344.88213928222655,-1097.6211793749706,0.5,1.0
431,279.39921440601347,347.5231594848633,-1155.7517580749295,0.5,1.0
432,301.2755459225178,349.2449053955078,-1088.50097089417,0.5,1.0
433,292.6513677215576,348.40963470458985,-1155.9150355520442,0.5,1.0
434,341.7822864937782,346.7441081237793,-971.7911935263984,0.5,1.0
435,306.97051813602445,343.7397868347168,-1063.499901048096,0.5,1.0
436,295.003538056612,340.59293273925783,-1192.2711539645459,0.5,1.0
437,306.1446451663971,340.8258984375,-1154.0363403913184,0.5,1.0
438,340.74237000107763,341.13041900634767,-1163.2640855593836,0.5,1.0
439,266.76494463443754,341.8597923278809,-1146.8242781709337,0.5,1.0
440,282.8273480141163,344.9799694824219,-1153.040016190674,0.5,1.0
441,329.52897391200065,345.4033578491211,-1499.985889966867,0.5,1.0
442,312.60103952288625,343.06254653930665,-1056.7554137239722,0.5,1.0
443,285.14734922289847,341.4596899414062,-1051.5918301399406,0.5,1.0
444,271.8952479684353,342.7733074951172,-1092.2010210114497,0.5,1.0
445,301.8035664987564,341.66507400512694,-1104.516964243412,0.5,1.0
446,261.70557381510736,344.1246076965332,-1116.5632375925015,0.5,1.0
447,264.9848659694195,346.30688369750976,-1046.5925673272545,0.5,1.0
448,295.70889124393466,346.2019303894043,-1048.903110604022,0.5,1.0
449,309.5684549343586,344.20171112060547,-1049.4128679723574,0.5,1.0
450,288.1635215306282,342.3379602050781,-1057.182416792521,0.5,1.0
451,326.54278865575793,339.50959182739257,-1493.839400168055,0.5,1.0
452,281.5453280997276,340.64671875,-780.9150331676645,0.5,1.0
453,265.1774638545513,343.0821022033691,-1078.3155693092021,0.5,1.0
454,281.3002069413662,341.60014114379885,-1038.5010952598805,0.5,1.0
455,300.27861310005187,341.1126449584961,-1048.8467735435374,0.5,1.0
456,310.0416425561905,339.9768510437012,-1010.7710722696927,0.5,1.0
457,260.20880124926566,340.05634368896483,-1003.8063964054041,0.5,1.0
458,259.00131887435913,346.1773135375977,-1028.9242977398426,0.5,1.0
459,312.51601833701136,345.32493057250974,-1029.0360540522752,0.5,1.0
460,259.4510957598686,343.5331689453125,-1033.143087545176,0.5,1.0
461,266.0370658922195,347.18030731201173,-1033.5772691506254,0.5,1.0
462,261.5204746556282,348.1661703491211,-1040.2765480743446,0.5,1.0
463,284.262475092411,347.99712966918946,-993.4519504745292,0.5,1.0
464,313.5969923758507,346.9280996704102,-913.9549091004765,0.5,1.0
465,279.5015793383121,343.75330581665037,-1022.7776229982035,0.5,1.0
466,274.56633767366407,342.8648193359375,-1028.5916649087274,0.5,1.0
467,273.64827409625053,343.6955433654785,-1030.375936644035,0.5,1.0
468,282.14616857647894,342.7647834777832,-1072.3423463356594,0.5,1.0
469,283.72859579086304,342.8407206726074,-1047.7587421384483,0.5,1.0
470,280.30439240932463,344.711474609375,-986.6421326892065,0.5,1.0
471,299.1711339712143,344.00943786621093,-912.9278617080162,0.5,1.0
472,269.3237807786465,342.9413983154297,-1020.1022399348333,0.5,1.0
473,306.4647647631168,342.6182556152344,-1013.6040653153257,0.5,1.0
474,303.9045193684101,341.09391464233397,-916.750139068044,0.5,1.0
475,245.2609516644478,342.33814392089846,-927.214608489151,0.5,1.0
476,265.17631650447845,345.61943740844725,-1002.6292530198326,0.5,1.0
477,279.0503472197056,343.28037033081057,-1017.2844371688238,0.5,1.0
478,310.06227672576904,341.8932330322266,-922.9333231463687,0.5,1.0
479,318.48855100274085,339.2298062133789,-1024.0477248359086,0.5,1.0
480,300.8041930747032,339.7240769958496,-1017.4788200142298,0.5,1.0
481,249.78700218915938,340.1387451171875,-1038.8098107207838,0.5,1.0
482,317.6631728708744,339.1698756408691,-958.7725530412379,0.5,1.0
483,299.0782220172882,337.9982443237305,-1001.1603586497135,0.5,1.0
484,300.810231051445,336.69925384521486,-988.9978131941999,0.5,1.0
485,275.82292754411696,334.45059173583985,-935.182461364474,0.5,1.0
486,272.1191593503952,333.7164509582519,-1009.1315396795342,0.5,1.0
487,243.77341894865037,334.9054360961914,-919.6629815724415,0.5,1.0
488,277.7350032937527,336.2313845825195,-970.6206858189237,0.5,1.0
489,256.50406617283824,335.47979782104494,-1057.8590338395886,0.5,1.0
490,263.63641560316086,339.3643415832519,-914.2380706989504,0.5,1.0
491,318.67732825636864,336.88057586669925,-908.7011235563688,0.5,1.0
492,278.88712153315544,337.08709197998047,-903.5130858475409,0.5,1.0
493,259.4595818448067,336.50669860839844,-908.1952877276271,0.5,1.0
494,250.90775968790055,339.8865631103516,-908.1366415728613,0.5,1.0
495,329.79938136458395,339.87082733154296,-1035.78006366621,0.5,1.0
496,286.41691034793854,340.44445510864256,-912.5972850090959,0.5,1.0
497,296.66079680204393,340.3467277526855,-896.0669658880722,0.5,1.0
498,281.6088676071167,340.41536544799806,-1490.9569794395893,0.5,1.0
499,257.7398092150688,341.4408329772949,-1002.5165708571144,0.5,1.0
500,290.2153807878494,343.367392578125,-908.803235226902,0.5,1.0
501,314.8115092504024,340.5046324157715,-910.9910636989388,0.5,1.0
502,246.9968195104599,339.30821243286135,-985.1498022587866,0.5,1.0
503,321.2629126095772,335.65603958129884,-910.468188545043,0.5,1.0
504,251.10039973258972,336.8847360229492,-911.0142371313557,0.5,1.0
505,243.62625809431077,338.3371823120117,-1003.8138649695776,0.5,1.0
506,293.54145778894423,341.148604888916,-1001.381062555767,0.5,1.0
507,306.7531994152069,339.9660437011719,-939.898064293933,0.5,1.0
508,267.90218378305434,336.5962992858887,-1019.1667684343087,0.5,1.0
509,290.08181688427925,336.1568000793457,-1013.039430255875,0.5,1.0
510,329.3849144864082,333.6009535217285,-930.819310689375,0.5,1.0
511,286.6244501364231,333.99793914794924,-914.7041555961005,0.5,1.0
512,272.01170737147334,332.55361770629884,-1044.9878635738255,0.5,1.0
513,290.30178467035296,332.52089263916014,-926.4386181171183,0.5,1.0
514,255.9544809472561,334.53967788696286,-913.2085001095987,0.5,1.0
515,256.779108133316,335.79564178466796,-985.9375115402015,0.5,1.0
516,254.47549637913704,336.6514889526367,-910.2904419041145,0.5,1.0
517,247.5315662062168,336.6808804321289,-910.5380832230078,0.5,1.0
518,285.56024460554124,335.90772247314453,-1003.0075707851095,0.5,1.0
519,267.5639904546738,335.1952764892578,-934.0561751502414,0.5,1.0
520,287.23905208706856,335.67133499145507,-906.7448814202216,0.5,1.0
521,249.58749395251274,333.84039169311524,-780.0147373385985,0.5,1.0
522,264.54627078294754,337.53972915649416,-932.4314491421155,0.5,1.0
523,273.3423159849644,336.8285397338867,-894.2518185548043,0.5,1.0
524,272.9551521158218,335.1174624633789,-785.1107890444205,0.5,1.0
525,304.2678617286682,335.85888107299803,-897.4912351463512,0.5,1.0
526,264.65422231793406,334.19481735229493,-898.3926134560321,0.5,1.0
527,305.6884530067444,334.2956675720215,-903.3902842011389,0.5,1.0
528,294.18085446715355,334.5944017028809,-900.8074324610106,0.5,1.0
529,267.91333878040314,334.33962142944335,-939.2484040803471,0.5,1.0
530,303.5717058134079,334.5696322631836,-908.6309462030086,0.5,1.0
531,272.29093856692316,335.8060113525391,-921.7591255199054,0.5,1.0
532,314.0585029387474,335.8666473388672,-910.1667650922265,0.5,1.0
533,306.62604668617246,335.5925553894043,-922.7121037777715,0.5,1.0
534,280.36183214902877,334.34696990966796,-851.7964537872151,0.5,1.0
535,286.18848998188975,336.2737567138672,-903.3530934334483,0.5,1.0
536,291.32724700808524,337.39638153076174,-648.2446967352571,0.5,1.0
537,291.26534588694574,337.622666015625,-901.6768268095177,0.5,1.0
538,295.967253408432,337.0685752868652,-1493.8317493773734,0.5,1.0
539,251.94113893747328,338.68500244140625,-881.6540426670786,0.5,1.0
540,293.64883420825004,340.1204553222656,-883.8175550569476,0.5,1.0
541,311.3238418960571,338.57489486694334,-930.226177346855,0.5,1.0
542,280.6820872783661,338.94269607543947,-972.1995136498249,0.5,1.0
543,273.6928962874413,340.4971173095703,-931.6090033275398,0.5,1.0
544,257.45363899230955,340.91567565917967,-901.5653807660699,0.5,1.0
545,280.7876315665245,343.6708987426758,-901.7523340514028,0.5,1.0
546,274.34766588807105,343.137060546875,-896.6331508283668,0.5,1.0
547,267.67882343053816,342.04904205322265,-865.7187742750854,0.5,1.0
548,234.32489725351334,347.2130778503418,-905.401520334608,0.5,1.0
549,315.2417703318596,347.6492041015625,-901.2217339004847,0.5,1.0
550,292.1408390176296,345.2993402099609,-780.8572285191674,0.5,1.0
551,321.0222948276997,343.58982162475587,-785.386567205245,0.5,1.0
552,283.9627156281471,341.6983488464355,-895.1317305186983,0.5,1.0
553,277.3648603725433,344.33309188842776,-894.7597041471138,0.5,1.0
554,268.94502267956733,345.69031494140626,-899.1779899040196,0.5,1.0
555,270.7111846613884,348.7553450012207,-866.5728222803041,0.5,1.0
556,245.30670190691947,348.71856994628905,-894.8082517758003,0.5,1.0
557,298.5063484966755,348.28441162109374,-865.7250065021526,0.5,1.0
558,323.3130710673332,345.70808685302734,-900.5224819620604,0.5,1.0
559,298.57415528178217,344.7085000610352,-974.5710319325353,0.5,1.0
560,283.6851165676117,348.28892333984373,-994.8012022473245,0.5,1.0
561,296.72318670630455,350.79056686401367,-904.3060086189728,0.5,1.0
562,315.47901727080347,351.1893984985352,-1037.3356629983286,0.5,1.0
563,269.5264952814579,347.84159484863284,-897.9389855796884,0.5,1.0
564,285.990902043581,349.311806640625,-886.5647951551771,0.5,1.0
565,297.9179206597805,349.3424368286133,-902.9218618142153,0.5,1.0
566,302.2205460429192,348.08361968994143,-894.8052956361615,0.5,1.0
567,299.53031774640084,348.77642471313476,-890.481482206679,0.5,1.0
568,265.9192972409725,348.76755493164063,-889.1306561906457,0.5,1.0
569,282.2490027964115,352.99845108032224,-898.6266077401517,0.5,1.0
570,267.9604359292984,351.3774382019043,-894.8211369331297,0.5,1.0
571,314.0069000208378,349.2958169555664,-900.0978474556825,0.5,1.0
572,338.68836413264273,348.15470108032224,-888.9857348931891,0.5,1.0
573,277.342939132452,345.63590103149414,-782.3722497108882,0.5,1.0
574,299.862033970356,347.8172579956055,-888.2527017096613,0.5,1.0
575,284.8772311401367,348.92974243164065,-789.6792474046305,0.5,1.0
576,301.0886078631878,348.60544357299807,-897.2504685573983,0.5,1.0
577,274.306030780077,347.34831527709963,-842.2382454566391,0.5,1.0
578,309.28355720520017,346.04656051635743,-782.0264225318846,0.5,1.0
579,315.49036822319033,345.0371472167969,-884.0047508517441,0.5,1.0
580,245.614961540699,347.5730270385742,-880.684351153998,0.5,1.0
581,286.8398612999916,350.0416130065918,-881.040465261128,0.5,1.0
582,340.17957495450975,348.2512321472168,-865.6917400540226,0.5,1.0
583,303.20931593418123,345.4697982788086,-877.0023041288293,0.5,1.0
584,266.1857533454895,344.8209226989746,-877.5347239857035,0.5,1.0
585,297.29206209540365,344.1051953125,-853.7382106925961,0.5,1.0
586,290.1805629825592,342.6653707885742,-790.0003510427973,0.5,1.0
587,307.7127592611313,342.02956024169924,-887.4487533045442,0.5,1.0
588,322.7768910610676,341.5562660217285,-869.6993913700873,0.5,1.0
589,256.9661585485935,343.0849310302734,-885.3697794266559,0.5,1.0
590,263.7078619122505,344.2015116882324,-877.7376662681789,0.5,1.0
591,296.56905991435053,343.48012969970705,-780.7583673858722,0.5,1.0
592,288.2299776685238,341.45886428833006,-879.0851796401643,0.5,1.0
593,271.81891815900804,340.24949920654296,-776.8375698036103,0.5,1.0
594,290.2691977536678,338.98220260620116,-866.0357557625501,0.5,1.0
595,273.3762002396584,340.36968551635744,-774.4545432378943,0.5,1.0
596,308.0412572336197,339.38847106933594,-810.0725476239902,0.5,1.0
597,293.45921558976175,337.8502197265625,-884.0599582324865,0.5,1.0
598,276.3499941134453,340.25529739379886,-1239.4948541513381,0.5,1.0
599,255.14943583965302,342.0681214904785,-875.5231506424288,0.5,1.0
600,304.42657800674436,342.33595092773436,-788.6856681928622,0.5,1.0
601,275.93731907844546,341.5435563659668,-780.1820482488547,0.5,1.0
602,269.3501204228401,339.8631332397461,-773.3953102121773,0.5,1.0
603,266.7911693489552,339.5869219970703,-780.6955490172157,0.5,1.0
604,266.9660511291027,339.3934384155273,-949.3109907413241,0.5,1.0
605,305.33412804365156,340.49744720458983,-902.6093063888776,0.5,1.0
606,257.84137197732923,340.3009280395508,-781.9646904560361,0.5,1.0
607,288.1665763926506,341.62751998901365,-940.8078384741739,0.5,1.0
608,294.82839183807374,342.571703338623,-780.1752035374648,0.5,1.0
609,329.45905737400057,341.05433334350585,-873.5929342501546,0.5,1.0
610,287.7353294086456,338.3727116394043,-876.4999377690202,0.5,1.0
611,222.2659052670002,341.90624008178713,-775.6292291496477,0.5,1.0
612,317.4034934639931,340.63421157836916,-781.629565455787,0.5,1.0
613,278.30742557525633,339.8357095336914,-782.6652347703147,0.5,1.0
614,336.86119200587274,338.7981936645508,-779.0651292124626,0.5,1.0
615,255.87710454583168,337.23621490478513,-770.0402860210104,0.5,1.0
616,239.10336252450944,338.46540435791013,-922.9700921107523,0.5,1.0
617,268.98115886211394,341.62227600097657,-771.7345019837428,0.5,1.0
618,289.5256437110901,338.8576113891602,-873.0170257198654,0.5,1.0
619,288.3782567214966,337.54629302978515,-773.172846755418,0.5,1.0
620,303.8362989711761,337.9471713256836,-772.0311198393917,0.5,1.0
621,272.47580743908884,337.18038345336913,-780.0195281111637,0.5,1.0
622,247.79516602158546,340.03571716308596,-698.739539505134,0.5,1.0
623,279.03429516553877,339.11854415893555,-771.9475750209846,0.5,1.0
624,296.70487771987916,338.4858625793457,-879.4640297273756,0.5,1.0
625,311.2947749865055,337.33498443603514,-774.4590617657557,0.5,1.0
626,255.23018773317338,337.1751091003418,-836.0452308877155,0.5,1.0
627,256.610037484169,340.211240234375,-763.6438121565208,0.5,1.0
628,298.5790358674526,339.3930812072754,-824.5036503202257,0.5,1.0
629,291.35758305191996,337.3851266479492,-772.1291534231608,0.5,1.0
630,263.72551164746284,338.4555453491211,-884.5242775881206,0.5,1.0
631,263.16492794275285,336.92163650512697,-769.1087817351347,0.5,1.0
632,287.97796942949293,336.4312532043457,-772.8793530473517,0.5,1.0
633,256.1720665681362,334.23004318237304,-866.0135131643036,0.5,1.0
634,268.7785451376438,333.8105926513672,-776.0409351902949,0.5,1.0
635,246.32881707072258,336.40489151000975,-872.1299331305361,0.5,1.0
636,266.93139622092247,338.09152786254884,-878.7036777347112,0.5,1.0
637,261.31271948218347,336.80993850708006,-769.796952096014,0.5,1.0
638,284.3935163140297,335.9310664367676,-778.8715270701439,0.5,1.0
639,300.82924569010737,331.5560153198242,-764.3743883229045,0.5,1.0
640,285.25426033854484,330.57266830444337,-656.5702118758073,0.5,1.0
641,275.5732827746868,330.50992614746093,-765.3270988872653,0.5,1.0
642,251.46832495093346,332.74365386962893,-775.5905306888369,0.5,1.0
643,255.67809674620628,333.54894424438476,-765.2328255850175,0.5,1.0
644,284.7164209449291,331.4299012756348,-839.0399212824216,0.5,1.0
645,238.69317589879037,330.86954833984373,-768.0119171042245,0.5,1.0
646,264.185939116478,330.3159280395508,-878.4021552820831,0.5,1.0
647,314.6072074091434,330.57560546875,-853.9684784558974,0.5,1.0
648,248.88721681714057,327.7376515197754,-658.1508650660558,0.5,1.0
649,243.7976925754547,330.8581867980957,-763.438739389941,0.5,1.0
650,295.1161989307404,329.15874801635744,-757.2463174648929,0.5,1.0
651,252.4111889708042,328.62014297485354,-774.6370023339772,0.5,1.0
652,256.3478050136566,328.2320983886719,-761.0303886921092,0.5,1.0
653,235.10136984109877,327.2351351928711,-747.4837197344049,0.5,1.0
654,286.9350221419334,325.0678358459473,-644.8450596423856,0.5,1.0
655,253.70734981656074,323.7076473999023,-792.0877248167828,0.5,1.0
656,268.70735738158226,323.6186184692383,-654.3332157530807,0.5,1.0
657,227.62352252483367,326.8724320983887,-809.7136177774166,0.5,1.0
658,276.3821213340759,325.2520809936523,-859.3424753954558,0.5,1.0
659,271.1891456592083,320.90751052856444,-676.8164496934822,0.5,1.0
660,203.73499994158746,323.0537506103516,-759.654225661907,0.5,1.0
661,242.52457468032836,326.5062126159668,-868.1139660986894,0.5,1.0
662,257.21221340298655,325.84576553344726,-768.0259868390751,0.5,1.0
663,247.08009571671485,323.5534103393555,-767.7568117592796,0.5,1.0
664,265.0591788804531,322.4418600463867,-748.1751478162273,0.5,1.0
665,215.90756655454635,322.8752360534668,-768.4088940363704,0.5,1.0
666,299.37718212366104,321.62100814819337,-759.2101209539908,0.5,1.0
667,245.0771863090992,320.77454208374024,-765.2147505278979,0.5,1.0
668,245.27356883049012,319.9474920654297,-750.9831900821296,0.5,1.0
669,255.79385840892792,317.7774383544922,-748.7327611700114,0.5,1.0
670,230.32203835368156,318.40059494018556,-749.1553671870847,0.5,1.0
671,250.40023208618163,317.95665512084963,-768.0437674525003,0.5,1.0
672,244.36640722990035,321.1524710083008,-828.4177355454908,0.5,1.0
673,243.3242486822605,319.7687269592285,-864.1421767660438,0.5,1.0
674,221.11077832102777,321.84457824707033,-756.0640170770434,0.5,1.0
675,219.1907571041584,322.70399780273436,-751.6640699343207,0.5,1.0
676,283.9523412895203,321.21570114135744,-595.5126218666916,0.5,1.0
677,265.1450857245922,315.56467529296873,-852.8979973502222,0.5,1.0
678,265.0397296524048,313.50674575805664,-757.0732609417718,0.5,1.0
679,213.4326787853241,313.17197570800784,-769.5515323427551,0.5,1.0
680,244.8523269879818,314.198243560791,-842.289653809332,0.5,1.0
681,246.7347041428089,314.69523208618165,-762.7772479125556,0.5,1.0
682,265.1222478222847,313.90667053222654,-757.6938451961958,0.5,1.0
683,249.64785917520524,311.12001708984377,-761.9313977989518,0.5,1.0
684,210.29052988529205,311.9573472595215,-757.8073642609994,0.5,1.0
685,236.99100902915,314.1805574035645,-741.5341072772844,0.5,1.0
686,285.61592946648597,310.9426365661621,-769.020215621339,0.5,1.0
687,207.80322405815124,310.8549510192871,-753.2575576894096,0.5,1.0
688,242.24819966435433,313.7654441833496,-844.768073231046,0.5,1.0
689,267.6390251493454,310.26599044799804,-801.3008043092746,0.5,1.0
690,234.4144965815544,307.00592971801757,-756.8671665178899,0.5,1.0
691,238.19223113894463,308.46990127563475,-636.0089238515455,0.5,1.0
692,209.00682077884673,311.1852882385254,-655.4120568514139,0.5,1.0
693,246.28668048024178,311.21907592773437,-765.6110674593466,0.5,1.0
694,239.44326205015182,309.5684669494629,-657.5111620519801,0.5,1.0
695,243.84013431668282,311.75970321655274,-762.8171425100206,0.5,1.0
696,227.0247730267048,311.6566038513184,-749.924334080377,0.5,1.0
697,244.95305773973465,311.6975779724121,-776.3377265336455,0.5,1.0
698,227.99939147114753,312.34865859985354,-860.5488903908636,0.5,1.0
699,210.14808982014657,313.33120697021485,-727.4260582437037,0.5,1.0
700,224.4000430595875,312.45284942626955,-869.3774439919431,0.5,1.0
701,260.9502182304859,311.25274002075196,-868.9476053662872,0.5,1.0
702,235.69262600898742,309.88564804077146,-866.6200805320557,0.5,1.0
703,241.830267380476,310.87538482666014,-857.1136395274822,0.5,1.0
704,268.0482987535,306.95921447753904,-868.358219960099,0.5,1.0
705,228.44783128023147,305.1888752746582,-758.8944576623933,0.5,1.0
706,190.2581698656082,307.6373063659668,-683.9137488150959,0.5,1.0
707,266.6453116750717,309.9243489074707,-751.482091941598,0.5,1.0
708,232.93082704901695,308.88807327270507,-749.9892232001969,0.5,1.0
709,189.99586198687552,309.63004791259766,-743.5072258042834,0.5,1.0
710,209.6390265440941,313.4759762573242,-652.3952205838816,0.5,1.0
711,210.85731232881545,313.3528788757324,-643.1488137799242,0.5,1.0
712,201.27719710230826,316.7958544921875,-753.5939538775272,0.5,1.0
713,267.81261158108714,313.0822763061523,-758.7348459516957,0.5,1.0
714,238.47336456537246,308.8687156677246,-647.3735399507093,0.5,1.0
715,244.39181171536447,310.41029006958007,-768.0119982601009,0.5,1.0
716,202.2506150972843,311.77026077270506,-949.902372827204,0.5,1.0
717,254.71471634149552,313.2846490478516,-862.1326035252418,0.5,1.0
718,231.12933864831925,312.42840927124024,-852.987371585766,0.5,1.0
719,235.47620845556258,311.5155038452148,-855.7397482362074,0.5,1.0
720,210.4260607624054,313.451780090332,-652.0268659341691,0.5,1.0
721,242.33257997751235,310.8376499938965,-875.9052232017224,0.5,1.0
722,221.7883303141594,311.3482991027832,-803.0800206738853,0.5,1.0
723,220.81004371643067,314.82874038696286,-790.1158537167703,0.5,1.0
724,227.5981393444538,314.8860717773438,-748.8672613004092,0.5,1.0
725,275.1955697929859,312.9318940734863,-823.2209702499837,0.5,1.0
726,233.09718581795693,308.62840286254885,-743.497439383243,0.5,1.0
727,229.07162516117097,310.4303970336914,-744.9875114921429,0.5,1.0
728,272.3525278019905,307.11831497192384,-744.0238192302517,0.5,1.0
729,234.66507959485054,307.35097000122073,-741.191473099966,0.5,1.0
730,226.840136282444,307.8771694946289,-743.6936879295499,0.5,1.0
731,195.23765861272813,310.3108955383301,-639.3592056689303,0.5,1.0
732,219.9878723871708,314.4609245300293,-934.9521804808696,0.5,1.0
733,241.21145199656488,311.1895091247559,-866.2961752775832,0.5,1.0
734,239.91327318668365,309.55833038330076,-742.6405084102499,0.5,1.0
735,218.20077003240584,308.42875701904296,-772.2786793433253,0.5,1.0
736,235.99838545680046,306.07559875488283,-729.7065840482142,0.5,1.0
737,203.98655177116393,307.54581405639647,-868.0083620213302,0.5,1.0
738,206.86866260766982,311.7077035522461,-756.0348217474096,0.5,1.0
739,257.0166390478611,311.9262892150879,-740.1479458472342,0.5,1.0
740,238.13382578611373,310.01008575439454,-756.5783269939536,0.5,1.0
741,238.02581584692,309.71021270751953,-840.2432713417426,0.5,1.0
742,222.96182972550392,309.85797958374025,-743.4336349126005,0.5,1.0
743,230.41169823169707,307.2191973876953,-750.9570113501859,0.5,1.0
744,216.36198125481604,308.94364501953123,-767.600951454059,0.5,1.0
745,239.9755181849003,312.1980587768555,-827.0549687536233,0.5,1.0
746,222.18547832727432,313.45805557250975,-774.6702836725763,0.5,1.0
747,215.10026203632356,311.92137100219725,-650.2683328346548,0.5,1.0
748,235.21078222751618,312.35303649902346,-668.3909442545461,0.5,1.0
749,233.5580319583416,309.9804490661621,-830.8651986733399,0.5,1.0
750,204.16906477928163,310.10872772216794,-853.1254924888991,0.5,1.0
751,233.14965536355973,312.81095336914063,-741.400744448581,0.5,1.0
752,272.1516336286068,309.78813232421874,-752.3313140047335,0.5,1.0
753,224.28928858160972,308.57170822143553,-841.1740144386355,0.5,1.0
754,234.93233335494995,309.40631713867185,-632.1133765706022,0.5,1.0
755,262.0914035105705,310.19087646484377,-757.246892615652,0.5,1.0
756,202.0442090845108,309.60185607910154,-745.5757093212284,0.5,1.0
757,251.82237032294273,308.081131439209,-738.736996952045,0.5,1.0
758,240.3423095226288,308.8570526123047,-753.1905806005492,0.5,1.0
759,233.92110298275946,306.9794207763672,-764.7677222574937,0.5,1.0
760,221.116188788414,307.6687086486816,-846.9454678881932,0.5,1.0
761,230.57426139593125,308.672433013916,-634.133646811063,0.5,1.0
762,211.99884587287903,308.5450103759766,-651.8735412518204,0.5,1.0
763,225.62420895695686,306.8249208068848,-832.6128205116522,0.5,1.0
764,235.86070345759393,309.0056494140625,-750.8262397368555,0.5,1.0
765,223.30837020516395,310.2898442077637,-756.0848182585056,0.5,1.0
766,229.64855719327926,309.6682423400879,-760.3784575285497,0.5,1.0
767,223.66767642617225,309.40392074584963,-748.3343662169211,0.5,1.0
768,237.47735466957093,308.92715606689455,-748.0673570223726,0.5,1.0
769,198.13389922142028,310.5697012329102,-646.3237885350222,0.5,1.0
770,232.4463588309288,311.502784576416,-762.6643508905122,0.5,1.0
771,233.92698628902434,311.890500793457,-757.0346245302287,0.5,1.0
772,240.1834078013897,310.2561360168457,-821.8852755172979,0.5,1.0
773,239.28821632266045,310.31982269287107,-786.6688661597486,0.5,1.0
774,201.876320605278,311.4412524414063,-743.3152627476406,0.5,1.0
775,215.73177293539047,313.05217483520505,-735.3027586566864,0.5,1.0
776,207.26451351881028,311.7379325866699,-743.3891056082716,0.5,1.0
777,264.30758191466333,308.9541575622559,-762.2867521738128,0.5,1.0
778,253.35883014321328,306.3111996459961,-641.902251452771,0.5,1.0
779,224.7719080388546,308.2661585998535,-759.2468188065787,0.5,1.0
780,236.66166304945946,308.7003768920898,-652.3045706678017,0.5,1.0
781,219.55744036078454,309.91695846557616,-829.8302852065503,0.5,1.0
782,215.4240364289284,309.06390396118167,-566.5895108089566,0.5,1.0
783,217.9257166326046,308.8762265014648,-759.4581281266744,0.5,1.0
784,225.36305055737495,307.79355545043944,-842.6175387333844,0.5,1.0
785,234.74683961868286,307.8738542175293,-646.9785363048578,0.5,1.0
786,209.29303540349008,306.38407608032225,-639.4777058090849,0.5,1.0
787,236.65402139782907,306.50589401245117,-753.388685424828,0.5,1.0
788,198.86133886814116,308.794288482666,-871.8269177863489,0.5,1.0
789,217.78861602425576,311.7166941833496,-764.4382689957376,0.5,1.0
790,216.96467399954795,311.56113586425784,-642.7636171733436,0.5,1.0
791,214.16812430620195,311.84435745239256,-836.6289080904871,0.5,1.0
792,228.71846073508263,308.46860305786134,-631.0999461939089,0.5,1.0
793,210.1493963396549,309.2409980773926,-861.1559036527838,0.5,1.0
794,209.4531117117405,310.7699627685547,-532.6168908068043,0.5,1.0
795,218.5699049794674,310.5177557373047,-728.524137642018,0.5,1.0
796,244.30880983471872,309.8766096496582,-771.8070992617347,0.5,1.0
797,260.53837075829506,306.3685548400879,-744.6678704762112,0.5,1.0
798,233.83872059345245,305.8275248718262,-652.6749405073241,0.5,1.0
799,213.7966146302223,307.61260314941404,-640.2595429674761,0.5,1.0
800,210.9175272119045,306.8304270935059,-673.722771738307,0.5,1.0
801,242.4561946439743,305.84158416748045,-759.4288511082766,0.5,1.0
802,228.0899788415432,301.59304412841794,-697.8961067365398,0.5,1.0
803,172.71530678391457,305.3070161437988,-651.6900068867012,0.5,1.0
804,273.3699258220196,306.53607620239256,-762.7960374610391,0.5,1.0
805,210.055559977293,303.1391932678223,-754.4320118793958,0.5,1.0
806,204.5818387758732,307.8000907897949,-763.7290458855944,0.5,1.0
807,231.9697217619419,309.23699508666994,-705.0836749427856,0.5,1.0
808,223.80688725709916,309.35648788452147,-851.8676517979316,0.5,1.0
809,222.39725445628167,308.91569366455076,-641.1665887818244,0.5,1.0
810,229.07965496063233,306.49751861572264,-844.9733607125124,0.5,1.0
811,192.32527207612992,306.861845703125,-653.7489240943889,0.5,1.0
812,211.63582167387008,309.3098210144043,-758.553671664602,0.5,1.0
813,222.70964851140977,307.1187210083008,-762.9476926218463,0.5,1.0
814,208.76378013134,306.3993743896484,-846.5372173416129,0.5,1.0
815,192.9860685670376,309.8445639038086,-655.4814173374011,0.5,1.0
816,241.0067006444931,309.1738688659668,-657.0567479065298,0.5,1.0
817,211.99240315437316,309.6171748352051,-868.0488742611767,0.5,1.0
818,230.92022010803223,309.52222183227536,-747.9835176571291,0.5,1.0
819,228.8287141788006,309.0950604248047,-844.3268021535994,0.5,1.0
820,225.64272943258285,310.29598892211914,-822.1168847069243,0.5,1.0
821,243.25676033616065,308.5271264648438,-760.6656174571472,0.5,1.0
822,251.87795757055284,304.6510308837891,-846.9360906873869,0.5,1.0
823,244.4456900882721,300.4777369689941,-641.3997573972812,0.5,1.0
824,243.56407012820245,300.3113798522949,-653.8717763383813,0.5,1.0
825,215.16117050886155,300.18712829589845,-755.2627659603709,0.5,1.0
826,214.9244735813141,302.07833541870116,-755.8144981033463,0.5,1.0
827,255.75131899952888,300.97751358032224,-746.8696309333006,0.5,1.0
828,188.99195715904236,300.0940821838379,-752.6962673156036,0.5,1.0
829,219.7003923499584,297.8964486694336,-753.7307178497381,0.5,1.0
830,193.4839835381508,299.4321743774414,-757.662061767513,0.5,1.0
831,219.7690633094311,298.79382614135744,-648.5994788903661,0.5,1.0
832,199.54794624209404,301.0414836120606,-652.7911182930577,0.5,1.0
833,222.6406570839882,300.3540893554688,-745.2707064875045,0.5,1.0
834,215.3139884853363,299.64212615966795,-754.0010115565506,0.5,1.0
835,230.79730101943017,297.8436331176758,-763.0811275873515,0.5,1.0
836,204.65647534370422,296.3808699035645,-643.8860654900697,0.5,1.0
837,192.413413836956,296.1894610595703,-767.8157331675084,0.5,1.0
838,187.22254124820233,295.8864454650879,-732.3470861065017,0.5,1.0
839,199.12324686288832,296.49236618041994,-764.8189740692238,0.5,1.0
840,225.34185262322427,295.4391520690918,-767.0683743880948,0.5,1.0
841,244.91309259295463,291.4967872619629,-768.4514969803213,0.5,1.0
842,222.35721394062043,292.24140563964846,-774.6630920349821,0.5,1.0
843,204.2090844130516,295.3854504394531,-759.1693220852649,0.5,1.0
844,213.3375697183609,292.4042333984375,-770.6891008682783,0.5,1.0
845,209.7350741505623,292.9834941101074,-761.8137149726072,0.5,1.0
846,209.80136283874512,291.50445724487304,-646.7711291956412,0.5,1.0
847,212.3248179590702,293.2171925354004,-767.5598936521058,0.5,1.0
848,232.9692791569233,291.9723815917969,-770.2764013551114,0.5,1.0
849,190.23022817254068,291.87183486938477,-646.3315708334668,0.5,1.0
850,192.82132824897766,296.32249542236326,-749.9195240428148,0.5,1.0
851,226.3711988246441,294.68672241210936,-779.8251942568829,0.5,1.0
852,227.13750163078308,293.49348236083983,-746.3765340494426,0.5,1.0
853,192.22875802516938,292.8494868469238,-764.3241939627641,0.5,1.0
854,221.75166392683983,293.14511764526367,-655.6430917481753,0.5,1.0
855,186.3570601809025,293.63299957275393,-654.1916071110686,0.5,1.0
856,213.7203191447258,296.4598112487793,-752.7590154924029,0.5,1.0
857,227.6401662528515,294.5085336303711,-650.0578445956892,0.5,1.0
858,225.3098720908165,288.05305709838865,-761.7186452453313,0.5,1.0
859,192.566350607872,286.8430444335938,-768.3496745235452,0.5,1.0
860,199.53505845546724,291.31402114868166,-759.1638675341378,0.5,1.0
861,202.1705441445112,291.814690246582,-532.4748918949286,0.5,1.0
862,182.9968354344368,292.00636337280275,-645.5179718480188,0.5,1.0
863,227.00429467499256,289.42448944091797,-642.2084352874988,0.5,1.0
864,199.9866255414486,288.49378509521483,-762.4099985920277,0.5,1.0
865,182.34660884976387,290.7370916748047,-654.2073746782205,0.5,1.0
866,190.83956451058387,292.0236053466797,-763.3953369632791,0.5,1.0
867,183.85497723937036,292.34958801269534,-748.6843082800335,0.5,1.0
868,206.51069506168366,293.57006057739255,-651.9781267231135,0.5,1.0
869,183.4926088345051,292.5297926330566,-655.7416861911565,0.5,1.0
870,226.7303791475296,291.6289663696289,-693.2831058098398,0.5,1.0
871,204.1221106529236,291.40723220825197,-645.440857117839,0.5,1.0
872,167.27860384821892,294.76180145263675,-880.507799662601,0.5,1.0
873,193.2797629672289,297.8194610595703,-750.2669439069998,0.5,1.0
874,197.02468736350536,295.3114161682129,-642.0821720712718,0.5,1.0
875,190.4928676766157,296.9120753479004,-765.9768805454755,0.5,1.0
876,192.49893290281295,298.21591354370116,-648.7931975420395,0.5,1.0
877,224.73575549006463,295.78350952148435,-644.9955707180885,0.5,1.0
878,190.8433819538355,295.83887451171876,-766.9781509407194,0.5,1.0
879,199.1823640191555,297.38924713134764,-761.0349264764337,0.5,1.0
880,192.21565639853478,296.88439071655273,-639.7275941587257,0.5,1.0
881,190.73395789802075,299.05311462402346,-822.3371736174054,0.5,1.0
882,214.09750411748885,298.85463211059573,-688.9174122192243,0.5,1.0
883,193.56666420578958,297.2546981811523,-641.9656037843012,0.5,1.0
884,248.38304504275322,296.15714736938475,-771.5024266255477,0.5,1.0
885,214.1941578531265,291.424171295166,-757.3386029433613,0.5,1.0
886,188.85803236722947,292.38934341430667,-846.3414881829602,0.5,1.0
887,213.76856579720973,292.1765689086914,-852.0841813304155,0.5,1.0
888,214.87784989476205,291.1470672607422,-761.2931793534964,0.5,1.0
889,192.61399587213992,290.69749588012695,-701.0214602529234,0.5,1.0
890,217.8566228747368,291.7821810913086,-666.4486390604702,0.5,1.0
891,233.38060919344426,288.90589447021483,-766.2222598565751,0.5,1.0
892,208.8857298529148,286.71748901367187,-777.0272408488966,0.5,1.0
893,199.8060423922539,287.5831053161621,-761.4621021408514,0.5,1.0
894,222.3358188331127,289.68109527587893,-765.3567596662917,0.5,1.0
895,218.50718187212945,286.022013092041,-761.6083269550609,0.5,1.0
896,195.37251385748385,286.706483001709,-654.1562613038056,0.5,1.0
897,197.4174246954918,288.58628585815427,-657.3713734380219,0.5,1.0
898,202.61614142596721,290.66814025878904,-879.4084531409842,0.5,1.0
899,190.55281576275826,290.5416474914551,-760.4860223351486,0.5,1.0
900,214.78773150920867,291.2754963684082,-643.6237332548908,0.5,1.0
901,228.95090055465698,286.6284991455078,-757.6148666748343,0.5,1.0
902,189.15288492918015,285.23948684692385,-766.6718319112451,0.5,1.0
903,203.71035148143767,289.2499626159668,-775.1098912904373,0.5,1.0
904,164.75532277584077,291.65133834838866,-655.1192385297454,0.5,1.0
905,259.2440107572079,289.9757446289062,-765.8307386459364,0.5,1.0
906,197.65029147922994,285.84991577148435,-811.6979100902399,0.5,1.0
907,189.92285914182662,287.1187045288086,-880.5502373544148,0.5,1.0
908,198.74199553906917,286.3543688964844,-758.0572910843362,0.5,1.0
909,186.34703198969365,289.9075015258789,-760.1922798176106,0.5,1.0
910,207.95633834838867,288.5332206726074,-778.7665335310135,0.5,1.0
911,205.92209407567978,288.1572105407715,-854.3485745242273,0.5,1.0
912,209.67667761325836,287.75898834228514,-653.5050591218264,0.5,1.0
913,196.41970139861107,285.7161190795898,-758.3154222607844,0.5,1.0
914,164.27138909518717,289.7176387023926,-692.3107559386063,0.5,1.0
915,193.94743360519408,291.02780654907224,-771.8420661023642,0.5,1.0
916,194.99739226281642,291.823420715332,-676.0335207128238,0.5,1.0
917,152.50624881267547,293.87843048095704,-758.2764891328397,0.5,1.0
918,189.76629837870598,295.22280685424806,-766.2227104268943,0.5,1.0
919,222.39870041191577,292.5888398742676,-759.0146730001903,0.5,1.0
920,196.54668753743172,294.22766540527346,-769.1986355950053,0.5,1.0
921,189.79131621420385,294.5760743713379,-716.1628420522916,0.5,1.0
922,202.67763515472413,294.6957086181641,-680.4305469374667,0.5,1.0
923,204.55721518874168,294.3045283508301,-652.0268826493079,0.5,1.0
924,211.0876967251301,293.80296646118165,-770.2394860369013,0.5,1.0
925,197.5139148414135,292.7439436340332,-659.731539190405,0.5,1.0
926,213.00661171674727,290.67685287475587,-814.8279454390783,0.5,1.0
927,218.05145015656947,291.63750198364255,-762.8620983963397,0.5,1.0
928,214.48866974174976,288.77615371704104,-764.8469728200862,0.5,1.0
929,212.48676026701926,288.76401443481444,-825.1950696871705,0.5,1.0
930,213.78147330760956,287.9736103820801,-702.8882752263295,0.5,1.0
931,220.22061334013938,284.8277392578125,-766.185329028985,0.5,1.0
932,203.23850932955742,285.78279998779294,-655.7558734654403,0.5,1.0
933,197.53407445907592,287.86084243774417,-719.1950426347728,0.5,1.0
934,209.2593009030819,287.56760604858397,-785.9577453401333,0.5,1.0
935,196.44080372750759,288.3149031066894,-766.7467439196998,0.5,1.0
936,196.36093696415423,289.5341551208496,-849.7958047801524,0.5,1.0
937,180.34457027971746,290.09900161743167,-754.6270208673731,0.5,1.0
938,177.7391858559847,291.46759170532226,-772.1126658865734,0.5,1.0
939,182.30079861104488,291.7581854248047,-776.9420031196563,0.5,1.0
940,200.29851211607456,291.6227229309082,-758.6818644058035,0.5,1.0
941,187.1964432734251,292.29801712036135,-742.5007923046313,0.5,1.0
942,206.48827297806739,291.3174586486816,-660.6052987144832,0.5,1.0
943,204.6102325809002,290.7554055786133,-775.7741181883932,0.5,1.0
944,209.34804924011232,290.41913970947263,-747.3553167574435,0.5,1.0
945,194.3699343544245,289.9564176940918,-795.2906107996414,0.5,1.0
946,211.0459887200594,288.92261337280274,-777.6084296358835,0.5,1.0
947,210.92091318130494,286.89777893066406,-761.5315282886661,0.5,1.0
948,180.87308134496212,286.33636337280274,-848.9480006628849,0.5,1.0
949,193.78912128925325,287.56985794067384,-842.6328026950112,0.5,1.0
950,157.84712909698487,289.33062423706053,-764.0781036852377,0.5,1.0
951,186.62225822389127,291.3346469116211,-764.9334978110676,0.5,1.0
952,207.1623313599825,289.6732495117187,-856.3835700282646,0.5,1.0
953,215.23358365416527,287.7380938720703,-795.8677884131309,0.5,1.0
954,178.17328081190587,287.99237365722655,-782.3359729987911,0.5,1.0
955,206.51806879281997,288.0705563354492,-777.9862360706562,0.5,1.0
956,185.79650713860988,286.78248779296877,-748.1028810614239,0.5,1.0
957,188.34379360854626,288.2112358093262,-826.0915440274738,0.5,1.0
958,187.88856102526188,286.2593368530273,-839.5929478724861,0.5,1.0
959,186.90974647402763,286.9154179382324,-776.010422243372,0.5,1.0
960,186.04550006926058,287.54047424316406,-821.0821590863627,0.5,1.0
961,214.87660714268685,285.7893811035156,-767.1592692213135,0.5,1.0
962,183.62288781404496,286.065050201416,-753.7212502564987,0.5,1.0
963,166.09009073197842,288.3536668395996,-772.7771550828825,0.5,1.0
964,192.69093959331514,287.1531060791016,-777.1377184364203,0.5,1.0
965,227.0707901227474,285.95243286132813,-773.5608269402899,0.5,1.0
966,183.50042153656483,283.78447174072267,-772.2838030446449,0.5,1.0
967,191.23410859644412,284.68211013793945,-767.7664293851368,0.5,1.0
968,201.48600700557233,284.6617707824707,-841.2816851109644,0.5,1.0
969,191.93324661254883,285.23385330200193,-771.4761613742007,0.5,1.0
970,217.34081559598445,284.94169250488284,-811.3047670801005,0.5,1.0
971,194.0098391056061,282.80755615234375,-869.911050517758,0.5,1.0
972,200.70218863487244,284.2157078552246,-858.2393973163938,0.5,1.0
973,173.06998605787754,284.05958068847656,-791.9206817899774,0.5,1.0
974,207.93513014853,284.25566802978517,-871.5684420532812,0.5,1.0
975,170.14421625196934,284.5869128417969,-767.930154165492,0.5,1.0
976,198.92278620958328,284.978369140625,-887.8958830395542,0.5,1.0
977,191.63808133721352,284.31602966308594,-775.2433589636232,0.5,1.0
978,197.82696357369423,284.6476219177246,-768.6433968490975,0.5,1.0
979,185.5509650796652,285.1660975646973,-782.4717615578172,0.5,1.0
980,174.1497036534548,283.43308547973635,-873.4443336851812,0.5,1.0
981,159.4087412595749,284.66153396606444,-842.7683059975369,0.5,1.0
982,184.6567585813999,286.9500541687012,-785.2591413467264,0.5,1.0
983,176.11214796900748,286.81686172485354,-791.7764647238669,0.5,1.0
984,191.25399402678013,287.2552081298828,-774.6648757614744,0.5,1.0
985,195.12812519431114,286.1889585876465,-788.1001783810436,0.5,1.0
986,205.20942806780337,284.3808174133301,-890.077896884052,0.5,1.0
987,179.26906509041785,284.2637594604492,-1046.0641035798128,0.5,1.0
988,209.53786287009717,284.59297546386716,-912.681391004699,0.5,1.0
989,174.19271332025528,284.95832458496096,-914.4661738393003,0.5,1.0
990,195.2235506939888,286.76509719848633,-886.3088575241235,0.5,1.0
991,192.91706811368465,286.3251115417481,-773.0149258731833,0.5,1.0
992,194.8551924574375,285.41672225952146,-957.1927524669459,0.5,1.0
993,191.22553797066212,282.62006851196287,-907.0797979400534,0.5,1.0
994,218.1995901542902,282.3915121459961,-959.9476872074125,0.5,1.0
995,173.6047233146429,283.130673828125,-1037.9222260295185,0.5,1.0
996,214.36185673594474,283.6048487854004,-1036.6982362208282,0.5,1.0
997,215.168793977499,282.09283264160155,-990.3344363288945,0.5,1.0
998,180.6356107121706,281.6297833251953,-1014.6581415883011,0.5,1.0
999,179.82140499532224,283.7431407165527,-921.9489479624076,0.5,1.0
